icao,callsign,lat,lon,alt,gs,trk,vr
A00001,AIMHIGH,40.80890758174632,-80.00770312877737,36000,0,158,-1800
A00002,AIMHIGH,40.80890758174632,-79.9959,36000,0,158,-1800
A00003,AIMHIGH,40.80890758174632,-79.98409687122265,36000,0,158,-1800
A00004,AIMHIGH,40.80890758174632,-79.9722937424453,36000,0,158,-1800
A00005,AIMHIGH,40.80890758174632,-79.96049061366794,36000,0,158,-1800
A00006,AIMHIGH,40.79992446999641,-80.03130938633207,36000,0,158,-1800
A00007,AIMHIGH,40.79992446999641,-80.01950625755471,36000,0,158,-1800
A00008,AIMHIGH,40.79992446999641,-80.00770312877737,36000,0,158,-1800
A00009,AIMHIGH,40.79992446999641,-79.9959,36000,0,158,-1800
A00010,AIMHIGH,40.79992446999641,-79.9722937424453,36000,0,158,-1800
A00011,AIMHIGH,40.79992446999641,-79.96049061366794,36000,0,158,-1800
A00012,AIMHIGH,40.79992446999641,-79.9486874848906,36000,0,158,-1800
A00013,AIMHIGH,40.79992446999641,-79.93688435611324,36000,0,158,-1800
A00014,AIMHIGH,40.79992446999641,-79.9250812273359,36000,0,158,-1800
A00015,AIMHIGH,40.7909413582465,-80.05491564388677,36000,0,158,-1800
A00016,AIMHIGH,40.7909413582465,-80.04311251510941,36000,0,158,-1800
A00017,AIMHIGH,40.7909413582465,-80.03130938633207,36000,0,158,-1800
A00018,AIMHIGH,40.7909413582465,-80.01950625755471,36000,0,158,-1800
A00019,AIMHIGH,40.7909413582465,-79.93688435611324,36000,0,158,-1800
A00020,AIMHIGH,40.7909413582465,-79.9250812273359,36000,0,158,-1800
A00021,AIMHIGH,40.7909413582465,-79.91327809855854,36000,0,158,-1800
A00022,AIMHIGH,40.7909413582465,-79.90147496978119,36000,0,158,-1800
A00023,AIMHIGH,40.78195824649659,-80.07852190144148,36000,0,158,-1800
A00024,AIMHIGH,40.78195824649659,-80.06671877266412,36000,0,158,-1800
A00025,AIMHIGH,40.78195824649659,-80.05491564388677,36000,0,158,-1800
A00026,AIMHIGH,40.78195824649659,-80.04311251510941,36000,0,158,-1800
A00027,AIMHIGH,40.78195824649659,-79.91327809855854,36000,0,158,-1800
A00028,AIMHIGH,40.78195824649659,-79.90147496978119,36000,0,158,-1800
A00029,AIMHIGH,40.78195824649659,-79.88967184100383,36000,0,158,-1800
A00030,AIMHIGH,40.78195824649659,-79.87786871222649,36000,0,158,-1800
A00031,AIMHIGH,40.77297513474668,-80.10212815899618,36000,0,158,-1800
A00032,AIMHIGH,40.77297513474668,-80.09032503021882,36000,0,158,-1800
A00033,AIMHIGH,40.77297513474668,-80.07852190144148,36000,0,158,-1800
A00034,AIMHIGH,40.77297513474668,-80.06671877266412,36000,0,158,-1800
A00035,AIMHIGH,40.77297513474668,-80.05491564388677,36000,0,158,-1800
A00036,AIMHIGH,40.77297513474668,-80.04311251510941,36000,0,158,-1800
A00037,AIMHIGH,40.77297513474668,-79.91327809855854,36000,0,158,-1800
A00038,AIMHIGH,40.77297513474668,-79.90147496978119,36000,0,158,-1800
A00039,AIMHIGH,40.77297513474668,-79.88967184100383,36000,0,158,-1800
A00040,AIMHIGH,40.77297513474668,-79.87786871222649,36000,0,158,-1800
A00041,AIMHIGH,40.77297513474668,-79.86606558344913,36000,0,158,-1800
A00042,AIMHIGH,40.77297513474668,-79.85426245467178,36000,0,158,-1800
A00043,AIMHIGH,40.76399202299677,-80.10212815899618,36000,0,158,-1800
A00044,AIMHIGH,40.76399202299677,-80.09032503021882,36000,0,158,-1800
A00045,AIMHIGH,40.76399202299677,-80.07852190144148,36000,0,158,-1800
A00046,AIMHIGH,40.76399202299677,-80.06671877266412,36000,0,158,-1800
A00047,AIMHIGH,40.76399202299677,-79.88967184100383,36000,0,158,-1800
A00048,AIMHIGH,40.76399202299677,-79.87786871222649,36000,0,158,-1800
A00049,AIMHIGH,40.76399202299677,-79.86606558344913,36000,0,158,-1800
A00050,AIMHIGH,40.76399202299677,-79.85426245467178,36000,0,158,-1800
A00051,AIMHIGH,40.75500891124686,-80.13753754532823,36000,0,158,-1800
A00052,AIMHIGH,40.75500891124686,-80.12573441655088,36000,0,158,-1800
A00053,AIMHIGH,40.75500891124686,-80.11393128777353,36000,0,158,-1800
A00054,AIMHIGH,40.75500891124686,-80.10212815899618,36000,0,158,-1800
A00055,AIMHIGH,40.75500891124686,-80.09032503021882,36000,0,158,-1800
A00056,AIMHIGH,40.75500891124686,-79.86606558344913,36000,0,158,-1800
A00057,AIMHIGH,40.75500891124686,-79.85426245467178,36000,0,158,-1800
A00058,AIMHIGH,40.75500891124686,-79.84245932589442,36000,0,158,-1800
A00059,AIMHIGH,40.75500891124686,-79.83065619711708,36000,0,158,-1800
A00060,AIMHIGH,40.74602579949695,-80.17294693166029,36000,0,158,-1800
A00061,AIMHIGH,40.74602579949695,-80.16114380288293,36000,0,158,-1800
A00062,AIMHIGH,40.74602579949695,-80.14934067410559,36000,0,158,-1800
A00063,AIMHIGH,40.74602579949695,-80.13753754532823,36000,0,158,-1800
A00064,AIMHIGH,40.74602579949695,-80.12573441655088,36000,0,158,-1800
A00065,AIMHIGH,40.74602579949695,-80.11393128777353,36000,0,158,-1800
A00066,AIMHIGH,40.74602579949695,-79.84245932589442,36000,0,158,-1800
A00067,AIMHIGH,40.74602579949695,-79.83065619711708,36000,0,158,-1800
A00068,AIMHIGH,40.74602579949695,-79.81885306833972,36000,0,158,-1800
A00069,AIMHIGH,40.74602579949695,-79.80704993956238,36000,0,158,-1800
A00070,AIMHIGH,40.74602579949695,-79.79524681078502,36000,0,158,-1800
A00071,AIMHIGH,40.74602579949695,-79.78344368200766,36000,0,158,-1800
A00072,AIMHIGH,40.73704268774704,-80.196553189215,36000,0,158,-1800
A00073,AIMHIGH,40.73704268774704,-80.18475006043764,36000,0,158,-1800
A00074,AIMHIGH,40.73704268774704,-80.17294693166029,36000,0,158,-1800
A00075,AIMHIGH,40.73704268774704,-80.16114380288293,36000,0,158,-1800
A00076,AIMHIGH,40.73704268774704,-80.14934067410559,36000,0,158,-1800
A00077,AIMHIGH,40.73704268774704,-79.81885306833972,36000,0,158,-1800
A00078,AIMHIGH,40.73704268774704,-79.80704993956238,36000,0,158,-1800
A00079,AIMHIGH,40.73704268774704,-79.79524681078502,36000,0,158,-1800
A00080,AIMHIGH,40.73704268774704,-79.78344368200766,36000,0,158,-1800
A00081,AIMHIGH,40.73704268774704,-79.77164055323031,36000,0,158,-1800
A00082,AIMHIGH,40.73704268774704,-79.75983742445295,36000,0,158,-1800
A00083,AIMHIGH,40.72805957599713,-80.2201594467697,36000,0,158,-1800
A00084,AIMHIGH,40.72805957599713,-80.20835631799235,36000,0,158,-1800
A00085,AIMHIGH,40.72805957599713,-80.196553189215,36000,0,158,-1800
A00086,AIMHIGH,40.72805957599713,-80.18475006043764,36000,0,158,-1800
A00087,AIMHIGH,40.72805957599713,-80.17294693166029,36000,0,158,-1800
A00088,AIMHIGH,40.72805957599713,-79.98409687122265,36000,0,158,-1800
A00089,AIMHIGH,40.72805957599713,-79.9722937424453,36000,0,158,-1800
A00090,AIMHIGH,40.72805957599713,-79.77164055323031,36000,0,158,-1800
A00091,AIMHIGH,40.72805957599713,-79.75983742445295,36000,0,158,-1800
A00092,AIMHIGH,40.72805957599713,-79.74803429567561,36000,0,158,-1800
A00093,AIMHIGH,40.72805957599713,-79.73623116689825,36000,0,158,-1800
A00094,AIMHIGH,40.719076464247216,-80.2437657043244,36000,0,158,-1800
A00095,AIMHIGH,40.719076464247216,-80.23196257554706,36000,0,158,-1800
A00096,AIMHIGH,40.719076464247216,-80.2201594467697,36000,0,158,-1800
A00097,AIMHIGH,40.719076464247216,-80.20835631799235,36000,0,158,-1800
A00098,AIMHIGH,40.719076464247216,-79.9959,36000,0,158,-1800
A00099,AIMHIGH,40.719076464247216,-79.98409687122265,36000,0,158,-1800
A00100,AIMHIGH,40.719076464247216,-79.9722937424453,36000,0,158,-1800
A00101,AIMHIGH,40.719076464247216,-79.96049061366794,36000,0,158,-1800
A00102,AIMHIGH,40.719076464247216,-79.74803429567561,36000,0,158,-1800
A00103,AIMHIGH,40.719076464247216,-79.73623116689825,36000,0,158,-1800
A00104,AIMHIGH,40.719076464247216,-79.7244280381209,36000,0,158,-1800
A00105,AIMHIGH,40.719076464247216,-79.71262490934355,36000,0,158,-1800
A00106,AIMHIGH,40.71009335249731,-80.2673719618791,36000,0,158,-1800
A00107,AIMHIGH,40.71009335249731,-80.25556883310176,36000,0,158,-1800
A00108,AIMHIGH,40.71009335249731,-80.2437657043244,36000,0,158,-1800
A00109,AIMHIGH,40.71009335249731,-80.23196257554706,36000,0,158,-1800
A00110,AIMHIGH,40.71009335249731,-80.00770312877737,36000,0,158,-1800
A00111,AIMHIGH,40.71009335249731,-79.9959,36000,0,158,-1800
A00112,AIMHIGH,40.71009335249731,-79.98409687122265,36000,0,158,-1800
A00113,AIMHIGH,40.71009335249731,-79.9722937424453,36000,0,158,-1800
A00114,AIMHIGH,40.71009335249731,-79.96049061366794,36000,0,158,-1800
A00115,AIMHIGH,40.71009335249731,-79.7244280381209,36000,0,158,-1800
A00116,AIMHIGH,40.71009335249731,-79.71262490934355,36000,0,158,-1800
A00117,AIMHIGH,40.71009335249731,-79.7008217805662,36000,0,158,-1800
A00118,AIMHIGH,40.71009335249731,-79.68901865178884,36000,0,158,-1800
A00119,AIMHIGH,40.7011102407474,-80.27917509065647,36000,0,158,-1800
A00120,AIMHIGH,40.7011102407474,-80.2673719618791,36000,0,158,-1800
A00121,AIMHIGH,40.7011102407474,-80.25556883310176,36000,0,158,-1800
A00122,AIMHIGH,40.7011102407474,-80.00770312877737,36000,0,158,-1800
A00123,AIMHIGH,40.7011102407474,-79.9959,36000,0,158,-1800
A00124,AIMHIGH,40.7011102407474,-79.98409687122265,36000,0,158,-1800
A00125,AIMHIGH,40.7011102407474,-79.9722937424453,36000,0,158,-1800
A00126,AIMHIGH,40.7011102407474,-79.96049061366794,36000,0,158,-1800
A00127,AIMHIGH,40.7011102407474,-79.9486874848906,36000,0,158,-1800
A00128,AIMHIGH,40.7011102407474,-79.7008217805662,36000,0,158,-1800
A00129,AIMHIGH,40.7011102407474,-79.68901865178884,36000,0,158,-1800
A00130,AIMHIGH,40.69212712899749,-80.27917509065647,36000,0,158,-1800
A00131,AIMHIGH,40.69212712899749,-80.2673719618791,36000,0,158,-1800
A00132,AIMHIGH,40.69212712899749,-80.01950625755471,36000,0,158,-1800
A00133,AIMHIGH,40.69212712899749,-80.00770312877737,36000,0,158,-1800
A00134,AIMHIGH,40.69212712899749,-79.9959,36000,0,158,-1800
A00135,AIMHIGH,40.69212712899749,-79.98409687122265,36000,0,158,-1800
A00136,AIMHIGH,40.69212712899749,-79.9722937424453,36000,0,158,-1800
A00137,AIMHIGH,40.69212712899749,-79.96049061366794,36000,0,158,-1800
A00138,AIMHIGH,40.69212712899749,-79.9486874848906,36000,0,158,-1800
A00139,AIMHIGH,40.69212712899749,-79.93688435611324,36000,0,158,-1800
A00140,AIMHIGH,40.69212712899749,-79.7008217805662,36000,0,158,-1800
A00141,AIMHIGH,40.69212712899749,-79.68901865178884,36000,0,158,-1800
A00142,AIMHIGH,40.68314401724758,-80.27917509065647,36000,0,158,-1800
A00143,AIMHIGH,40.68314401724758,-80.2673719618791,36000,0,158,-1800
A00144,AIMHIGH,40.68314401724758,-80.03130938633207,36000,0,158,-1800
A00145,AIMHIGH,40.68314401724758,-80.01950625755471,36000,0,158,-1800
A00146,AIMHIGH,40.68314401724758,-80.00770312877737,36000,0,158,-1800
A00147,AIMHIGH,40.68314401724758,-79.9959,36000,0,158,-1800
A00148,AIMHIGH,40.68314401724758,-79.98409687122265,36000,0,158,-1800
A00149,AIMHIGH,40.68314401724758,-79.9722937424453,36000,0,158,-1800
A00150,AIMHIGH,40.68314401724758,-79.96049061366794,36000,0,158,-1800
A00151,AIMHIGH,40.68314401724758,-79.9486874848906,36000,0,158,-1800
A00152,AIMHIGH,40.68314401724758,-79.93688435611324,36000,0,158,-1800
A00153,AIMHIGH,40.68314401724758,-79.9250812273359,36000,0,158,-1800
A00154,AIMHIGH,40.68314401724758,-79.7008217805662,36000,0,158,-1800
A00155,AIMHIGH,40.68314401724758,-79.68901865178884,36000,0,158,-1800
A00156,AIMHIGH,40.674160905497665,-80.27917509065647,36000,0,158,-1800
A00157,AIMHIGH,40.674160905497665,-80.2673719618791,36000,0,158,-1800
A00158,AIMHIGH,40.674160905497665,-80.04311251510941,36000,0,158,-1800
A00159,AIMHIGH,40.674160905497665,-80.03130938633207,36000,0,158,-1800
A00160,AIMHIGH,40.674160905497665,-80.01950625755471,36000,0,158,-1800
A00161,AIMHIGH,40.674160905497665,-80.00770312877737,36000,0,158,-1800
A00162,AIMHIGH,40.674160905497665,-79.9959,36000,0,158,-1800
A00163,AIMHIGH,40.674160905497665,-79.98409687122265,36000,0,158,-1800
A00164,AIMHIGH,40.674160905497665,-79.9722937424453,36000,0,158,-1800
A00165,AIMHIGH,40.674160905497665,-79.96049061366794,36000,0,158,-1800
A00166,AIMHIGH,40.674160905497665,-79.9486874848906,36000,0,158,-1800
A00167,AIMHIGH,40.674160905497665,-79.93688435611324,36000,0,158,-1800
A00168,AIMHIGH,40.674160905497665,-79.9250812273359,36000,0,158,-1800
A00169,AIMHIGH,40.674160905497665,-79.91327809855854,36000,0,158,-1800
A00170,AIMHIGH,40.674160905497665,-79.7008217805662,36000,0,158,-1800
A00171,AIMHIGH,40.674160905497665,-79.68901865178884,36000,0,158,-1800
A00172,AIMHIGH,40.66517779374776,-80.27917509065647,36000,0,158,-1800
A00173,AIMHIGH,40.66517779374776,-80.2673719618791,36000,0,158,-1800
A00174,AIMHIGH,40.66517779374776,-80.05491564388677,36000,0,158,-1800
A00175,AIMHIGH,40.66517779374776,-80.04311251510941,36000,0,158,-1800
A00176,AIMHIGH,40.66517779374776,-80.03130938633207,36000,0,158,-1800
A00177,AIMHIGH,40.66517779374776,-80.01950625755471,36000,0,158,-1800
A00178,AIMHIGH,40.66517779374776,-80.00770312877737,36000,0,158,-1800
A00179,AIMHIGH,40.66517779374776,-79.9959,36000,0,158,-1800
A00180,AIMHIGH,40.66517779374776,-79.98409687122265,36000,0,158,-1800
A00181,AIMHIGH,40.66517779374776,-79.9722937424453,36000,0,158,-1800
A00182,AIMHIGH,40.66517779374776,-79.96049061366794,36000,0,158,-1800
A00183,AIMHIGH,40.66517779374776,-79.9486874848906,36000,0,158,-1800
A00184,AIMHIGH,40.66517779374776,-79.93688435611324,36000,0,158,-1800
A00185,AIMHIGH,40.66517779374776,-79.9250812273359,36000,0,158,-1800
A00186,AIMHIGH,40.66517779374776,-79.91327809855854,36000,0,158,-1800
A00187,AIMHIGH,40.66517779374776,-79.7008217805662,36000,0,158,-1800
A00188,AIMHIGH,40.66517779374776,-79.68901865178884,36000,0,158,-1800
A00189,AIMHIGH,40.656194681997846,-80.27917509065647,36000,0,158,-1800
A00190,AIMHIGH,40.656194681997846,-80.2673719618791,36000,0,158,-1800
A00191,AIMHIGH,40.656194681997846,-80.05491564388677,36000,0,158,-1800
A00192,AIMHIGH,40.656194681997846,-80.04311251510941,36000,0,158,-1800
A00193,AIMHIGH,40.656194681997846,-80.03130938633207,36000,0,158,-1800
A00194,AIMHIGH,40.656194681997846,-80.01950625755471,36000,0,158,-1800
A00195,AIMHIGH,40.656194681997846,-80.00770312877737,36000,0,158,-1800
A00196,AIMHIGH,40.656194681997846,-79.9959,36000,0,158,-1800
A00197,AIMHIGH,40.656194681997846,-79.98409687122265,36000,0,158,-1800
A00198,AIMHIGH,40.656194681997846,-79.9722937424453,36000,0,158,-1800
A00199,AIMHIGH,40.656194681997846,-79.96049061366794,36000,0,158,-1800
A00200,AIMHIGH,40.656194681997846,-79.9486874848906,36000,0,158,-1800
A00201,AIMHIGH,40.656194681997846,-79.93688435611324,36000,0,158,-1800
A00202,AIMHIGH,40.656194681997846,-79.9250812273359,36000,0,158,-1800
A00203,AIMHIGH,40.656194681997846,-79.91327809855854,36000,0,158,-1800
A00204,AIMHIGH,40.656194681997846,-79.90147496978119,36000,0,158,-1800
A00205,AIMHIGH,40.656194681997846,-79.7008217805662,36000,0,158,-1800
A00206,AIMHIGH,40.656194681997846,-79.68901865178884,36000,0,158,-1800
A00207,AIMHIGH,40.64721157024794,-80.27917509065647,36000,0,158,-1800
A00208,AIMHIGH,40.64721157024794,-80.2673719618791,36000,0,158,-1800
A00209,AIMHIGH,40.64721157024794,-80.06671877266412,36000,0,158,-1800
A00210,AIMHIGH,40.64721157024794,-80.05491564388677,36000,0,158,-1800
A00211,AIMHIGH,40.64721157024794,-80.04311251510941,36000,0,158,-1800
A00212,AIMHIGH,40.64721157024794,-80.03130938633207,36000,0,158,-1800
A00213,AIMHIGH,40.64721157024794,-80.01950625755471,36000,0,158,-1800
A00214,AIMHIGH,40.64721157024794,-80.00770312877737,36000,0,158,-1800
A00215,AIMHIGH,40.64721157024794,-79.9959,36000,0,158,-1800
A00216,AIMHIGH,40.64721157024794,-79.98409687122265,36000,0,158,-1800
A00217,AIMHIGH,40.64721157024794,-79.9722937424453,36000,0,158,-1800
A00218,AIMHIGH,40.64721157024794,-79.96049061366794,36000,0,158,-1800
A00219,AIMHIGH,40.64721157024794,-79.9486874848906,36000,0,158,-1800
A00220,AIMHIGH,40.64721157024794,-79.93688435611324,36000,0,158,-1800
A00221,AIMHIGH,40.64721157024794,-79.9250812273359,36000,0,158,-1800
A00222,AIMHIGH,40.64721157024794,-79.91327809855854,36000,0,158,-1800
A00223,AIMHIGH,40.64721157024794,-79.90147496978119,36000,0,158,-1800
A00224,AIMHIGH,40.64721157024794,-79.88967184100383,36000,0,158,-1800
A00225,AIMHIGH,40.64721157024794,-79.7008217805662,36000,0,158,-1800
A00226,AIMHIGH,40.64721157024794,-79.68901865178884,36000,0,158,-1800
A00227,AIMHIGH,40.63822845849803,-80.27917509065647,36000,0,158,-1800
A00228,AIMHIGH,40.63822845849803,-80.2673719618791,36000,0,158,-1800
A00229,AIMHIGH,40.63822845849803,-80.06671877266412,36000,0,158,-1800
A00230,AIMHIGH,40.63822845849803,-80.05491564388677,36000,0,158,-1800
A00231,AIMHIGH,40.63822845849803,-80.04311251510941,36000,0,158,-1800
A00232,AIMHIGH,40.63822845849803,-80.03130938633207,36000,0,158,-1800
A00233,AIMHIGH,40.63822845849803,-80.01950625755471,36000,0,158,-1800
A00234,AIMHIGH,40.63822845849803,-80.00770312877737,36000,0,158,-1800
A00235,AIMHIGH,40.63822845849803,-79.9959,36000,0,158,-1800
A00236,AIMHIGH,40.63822845849803,-79.98409687122265,36000,0,158,-1800
A00237,AIMHIGH,40.63822845849803,-79.9722937424453,36000,0,158,-1800
A00238,AIMHIGH,40.63822845849803,-79.96049061366794,36000,0,158,-1800
A00239,AIMHIGH,40.63822845849803,-79.9486874848906,36000,0,158,-1800
A00240,AIMHIGH,40.63822845849803,-79.93688435611324,36000,0,158,-1800
A00241,AIMHIGH,40.63822845849803,-79.9250812273359,36000,0,158,-1800
A00242,AIMHIGH,40.63822845849803,-79.91327809855854,36000,0,158,-1800
A00243,AIMHIGH,40.63822845849803,-79.90147496978119,36000,0,158,-1800
A00244,AIMHIGH,40.63822845849803,-79.88967184100383,36000,0,158,-1800
A00245,AIMHIGH,40.63822845849803,-79.7008217805662,36000,0,158,-1800
A00246,AIMHIGH,40.63822845849803,-79.68901865178884,36000,0,158,-1800
A00247,AIMHIGH,40.629245346748114,-80.27917509065647,36000,0,158,-1800
A00248,AIMHIGH,40.629245346748114,-80.2673719618791,36000,0,158,-1800
A00249,AIMHIGH,40.629245346748114,-80.07852190144148,36000,0,158,-1800
A00250,AIMHIGH,40.629245346748114,-80.06671877266412,36000,0,158,-1800
A00251,AIMHIGH,40.629245346748114,-80.05491564388677,36000,0,158,-1800
A00252,AIMHIGH,40.629245346748114,-80.04311251510941,36000,0,158,-1800
A00253,AIMHIGH,40.629245346748114,-80.01950625755471,36000,0,158,-1800
A00254,AIMHIGH,40.629245346748114,-80.00770312877737,36000,0,158,-1800
A00255,AIMHIGH,40.629245346748114,-79.9959,36000,0,158,-1800
A00256,AIMHIGH,40.629245346748114,-79.98409687122265,36000,0,158,-1800
A00257,AIMHIGH,40.629245346748114,-79.9722937424453,36000,0,158,-1800
A00258,AIMHIGH,40.629245346748114,-79.96049061366794,36000,0,158,-1800
A00259,AIMHIGH,40.629245346748114,-79.9486874848906,36000,0,158,-1800
A00260,AIMHIGH,40.629245346748114,-79.91327809855854,36000,0,158,-1800
A00261,AIMHIGH,40.629245346748114,-79.90147496978119,36000,0,158,-1800
A00262,AIMHIGH,40.629245346748114,-79.88967184100383,36000,0,158,-1800
A00263,AIMHIGH,40.629245346748114,-79.87786871222649,36000,0,158,-1800
A00264,AIMHIGH,40.629245346748114,-79.7008217805662,36000,0,158,-1800
A00265,AIMHIGH,40.629245346748114,-79.68901865178884,36000,0,158,-1800
A00266,AIMHIGH,40.62026223499821,-80.27917509065647,36000,0,158,-1800
A00267,AIMHIGH,40.62026223499821,-80.2673719618791,36000,0,158,-1800
A00268,AIMHIGH,40.62026223499821,-80.09032503021882,36000,0,158,-1800
A00269,AIMHIGH,40.62026223499821,-80.07852190144148,36000,0,158,-1800
A00270,AIMHIGH,40.62026223499821,-80.01950625755471,36000,0,158,-1800
A00271,AIMHIGH,40.62026223499821,-80.00770312877737,36000,0,158,-1800
A00272,AIMHIGH,40.62026223499821,-79.9959,36000,0,158,-1800
A00273,AIMHIGH,40.62026223499821,-79.98409687122265,36000,0,158,-1800
A00274,AIMHIGH,40.62026223499821,-79.9722937424453,36000,0,158,-1800
A00275,AIMHIGH,40.62026223499821,-79.96049061366794,36000,0,158,-1800
A00276,AIMHIGH,40.62026223499821,-79.9486874848906,36000,0,158,-1800
A00277,AIMHIGH,40.62026223499821,-79.87786871222649,36000,0,158,-1800
A00278,AIMHIGH,40.62026223499821,-79.7008217805662,36000,0,158,-1800
A00279,AIMHIGH,40.62026223499821,-79.68901865178884,36000,0,158,-1800
A00280,AIMHIGH,40.611279123248295,-80.27917509065647,36000,0,158,-1800
A00281,AIMHIGH,40.611279123248295,-80.2673719618791,36000,0,158,-1800
A00282,AIMHIGH,40.611279123248295,-80.01950625755471,36000,0,158,-1800
A00283,AIMHIGH,40.611279123248295,-80.00770312877737,36000,0,158,-1800
A00284,AIMHIGH,40.611279123248295,-79.9959,36000,0,158,-1800
A00285,AIMHIGH,40.611279123248295,-79.98409687122265,36000,0,158,-1800
A00286,AIMHIGH,40.611279123248295,-79.9722937424453,36000,0,158,-1800
A00287,AIMHIGH,40.611279123248295,-79.96049061366794,36000,0,158,-1800
A00288,AIMHIGH,40.611279123248295,-79.9486874848906,36000,0,158,-1800
A00289,AIMHIGH,40.611279123248295,-79.7008217805662,36000,0,158,-1800
A00290,AIMHIGH,40.611279123248295,-79.68901865178884,36000,0,158,-1800
A00291,AIMHIGH,40.60229601149839,-80.27917509065647,36000,0,158,-1800
A00292,AIMHIGH,40.60229601149839,-80.2673719618791,36000,0,158,-1800
A00293,AIMHIGH,40.60229601149839,-80.01950625755471,36000,0,158,-1800
A00294,AIMHIGH,40.60229601149839,-80.00770312877737,36000,0,158,-1800
A00295,AIMHIGH,40.60229601149839,-79.9959,36000,0,158,-1800
A00296,AIMHIGH,40.60229601149839,-79.98409687122265,36000,0,158,-1800
A00297,AIMHIGH,40.60229601149839,-79.9722937424453,36000,0,158,-1800
A00298,AIMHIGH,40.60229601149839,-79.96049061366794,36000,0,158,-1800
A00299,AIMHIGH,40.60229601149839,-79.9486874848906,36000,0,158,-1800
A00300,AIMHIGH,40.60229601149839,-79.7008217805662,36000,0,158,-1800
A00301,AIMHIGH,40.60229601149839,-79.68901865178884,36000,0,158,-1800
A00302,AIMHIGH,40.593312899748476,-80.27917509065647,36000,0,158,-1800
A00303,AIMHIGH,40.593312899748476,-80.2673719618791,36000,0,158,-1800
A00304,AIMHIGH,40.593312899748476,-80.01950625755471,36000,0,158,-1800
A00305,AIMHIGH,40.593312899748476,-80.00770312877737,36000,0,158,-1800
A00306,AIMHIGH,40.593312899748476,-79.9959,36000,0,158,-1800
A00307,AIMHIGH,40.593312899748476,-79.98409687122265,36000,0,158,-1800
A00308,AIMHIGH,40.593312899748476,-79.9722937424453,36000,0,158,-1800
A00309,AIMHIGH,40.593312899748476,-79.96049061366794,36000,0,158,-1800
A00310,AIMHIGH,40.593312899748476,-79.9486874848906,36000,0,158,-1800
A00311,AIMHIGH,40.593312899748476,-79.7008217805662,36000,0,158,-1800
A00312,AIMHIGH,40.593312899748476,-79.68901865178884,36000,0,158,-1800
A00313,AIMHIGH,40.58432978799856,-80.27917509065647,36000,0,158,-1800
A00314,AIMHIGH,40.58432978799856,-80.2673719618791,36000,0,158,-1800
A00315,AIMHIGH,40.58432978799856,-80.01950625755471,36000,0,158,-1800
A00316,AIMHIGH,40.58432978799856,-80.00770312877737,36000,0,158,-1800
A00317,AIMHIGH,40.58432978799856,-79.9959,36000,0,158,-1800
A00318,AIMHIGH,40.58432978799856,-79.98409687122265,36000,0,158,-1800
A00319,AIMHIGH,40.58432978799856,-79.9722937424453,36000,0,158,-1800
A00320,AIMHIGH,40.58432978799856,-79.96049061366794,36000,0,158,-1800
A00321,AIMHIGH,40.58432978799856,-79.9486874848906,36000,0,158,-1800
A00322,AIMHIGH,40.58432978799856,-79.7008217805662,36000,0,158,-1800
A00323,AIMHIGH,40.58432978799856,-79.68901865178884,36000,0,158,-1800
A00324,AIMHIGH,40.57534667624866,-80.27917509065647,36000,0,158,-1800
A00325,AIMHIGH,40.57534667624866,-80.2673719618791,36000,0,158,-1800
A00326,AIMHIGH,40.57534667624866,-80.03130938633207,36000,0,158,-1800
A00327,AIMHIGH,40.57534667624866,-80.01950625755471,36000,0,158,-1800
A00328,AIMHIGH,40.57534667624866,-80.00770312877737,36000,0,158,-1800
A00329,AIMHIGH,40.57534667624866,-79.9959,36000,0,158,-1800
A00330,AIMHIGH,40.57534667624866,-79.98409687122265,36000,0,158,-1800
A00331,AIMHIGH,40.57534667624866,-79.9722937424453,36000,0,158,-1800
A00332,AIMHIGH,40.57534667624866,-79.96049061366794,36000,0,158,-1800
A00333,AIMHIGH,40.57534667624866,-79.9486874848906,36000,0,158,-1800
A00334,AIMHIGH,40.57534667624866,-79.93688435611324,36000,0,158,-1800
A00335,AIMHIGH,40.57534667624866,-79.9250812273359,36000,0,158,-1800
A00336,AIMHIGH,40.57534667624866,-79.7008217805662,36000,0,158,-1800
A00337,AIMHIGH,40.57534667624866,-79.68901865178884,36000,0,158,-1800
A00338,AIMHIGH,40.566363564498744,-80.27917509065647,36000,0,158,-1800
A00339,AIMHIGH,40.566363564498744,-80.2673719618791,36000,0,158,-1800
A00340,AIMHIGH,40.566363564498744,-80.05491564388677,36000,0,158,-1800
A00341,AIMHIGH,40.566363564498744,-80.04311251510941,36000,0,158,-1800
A00342,AIMHIGH,40.566363564498744,-80.03130938633207,36000,0,158,-1800
A00343,AIMHIGH,40.566363564498744,-80.01950625755471,36000,0,158,-1800
A00344,AIMHIGH,40.566363564498744,-79.9486874848906,36000,0,158,-1800
A00345,AIMHIGH,40.566363564498744,-79.93688435611324,36000,0,158,-1800
A00346,AIMHIGH,40.566363564498744,-79.9250812273359,36000,0,158,-1800
A00347,AIMHIGH,40.566363564498744,-79.91327809855854,36000,0,158,-1800
A00348,AIMHIGH,40.566363564498744,-79.90147496978119,36000,0,158,-1800
A00349,AIMHIGH,40.566363564498744,-79.7008217805662,36000,0,158,-1800
A00350,AIMHIGH,40.566363564498744,-79.68901865178884,36000,0,158,-1800
A00351,AIMHIGH,40.55738045274884,-80.27917509065647,36000,0,158,-1800
A00352,AIMHIGH,40.55738045274884,-80.2673719618791,36000,0,158,-1800
A00353,AIMHIGH,40.55738045274884,-80.07852190144148,36000,0,158,-1800
A00354,AIMHIGH,40.55738045274884,-80.06671877266412,36000,0,158,-1800
A00355,AIMHIGH,40.55738045274884,-80.05491564388677,36000,0,158,-1800
A00356,AIMHIGH,40.55738045274884,-80.04311251510941,36000,0,158,-1800
A00357,AIMHIGH,40.55738045274884,-79.9250812273359,36000,0,158,-1800
A00358,AIMHIGH,40.55738045274884,-79.91327809855854,36000,0,158,-1800
A00359,AIMHIGH,40.55738045274884,-79.90147496978119,36000,0,158,-1800
A00360,AIMHIGH,40.55738045274884,-79.88967184100383,36000,0,158,-1800
A00361,AIMHIGH,40.55738045274884,-79.87786871222649,36000,0,158,-1800
A00362,AIMHIGH,40.55738045274884,-79.7008217805662,36000,0,158,-1800
A00363,AIMHIGH,40.55738045274884,-79.68901865178884,36000,0,158,-1800
A00364,AIMHIGH,40.548397340998925,-80.27917509065647,36000,0,158,-1800
A00365,AIMHIGH,40.548397340998925,-80.2673719618791,36000,0,158,-1800
A00366,AIMHIGH,40.548397340998925,-80.10212815899618,36000,0,158,-1800
A00367,AIMHIGH,40.548397340998925,-80.09032503021882,36000,0,158,-1800
A00368,AIMHIGH,40.548397340998925,-80.07852190144148,36000,0,158,-1800
A00369,AIMHIGH,40.548397340998925,-80.06671877266412,36000,0,158,-1800
A00370,AIMHIGH,40.548397340998925,-80.05491564388677,36000,0,158,-1800
A00371,AIMHIGH,40.548397340998925,-79.90147496978119,36000,0,158,-1800
A00372,AIMHIGH,40.548397340998925,-79.88967184100383,36000,0,158,-1800
A00373,AIMHIGH,40.548397340998925,-79.87786871222649,36000,0,158,-1800
A00374,AIMHIGH,40.548397340998925,-79.86606558344913,36000,0,158,-1800
A00375,AIMHIGH,40.548397340998925,-79.85426245467178,36000,0,158,-1800
A00376,AIMHIGH,40.548397340998925,-79.7008217805662,36000,0,158,-1800
A00377,AIMHIGH,40.548397340998925,-79.68901865178884,36000,0,158,-1800
A00378,AIMHIGH,40.53941422924902,-80.27917509065647,36000,0,158,-1800
A00379,AIMHIGH,40.53941422924902,-80.2673719618791,36000,0,158,-1800
A00380,AIMHIGH,40.53941422924902,-80.12573441655088,36000,0,158,-1800
A00381,AIMHIGH,40.53941422924902,-80.11393128777353,36000,0,158,-1800
A00382,AIMHIGH,40.53941422924902,-80.10212815899618,36000,0,158,-1800
A00383,AIMHIGH,40.53941422924902,-80.09032503021882,36000,0,158,-1800
A00384,AIMHIGH,40.53941422924902,-80.07852190144148,36000,0,158,-1800
A00385,AIMHIGH,40.53941422924902,-79.87786871222649,36000,0,158,-1800
A00386,AIMHIGH,40.53941422924902,-79.86606558344913,36000,0,158,-1800
A00387,AIMHIGH,40.53941422924902,-79.85426245467178,36000,0,158,-1800
A00388,AIMHIGH,40.53941422924902,-79.84245932589442,36000,0,158,-1800
A00389,AIMHIGH,40.53941422924902,-79.7008217805662,36000,0,158,-1800
A00390,AIMHIGH,40.53941422924902,-79.68901865178884,36000,0,158,-1800
A00391,AIMHIGH,40.530431117499106,-80.27917509065647,36000,0,158,-1800
A00392,AIMHIGH,40.530431117499106,-80.2673719618791,36000,0,158,-1800
A00393,AIMHIGH,40.530431117499106,-80.12573441655088,36000,0,158,-1800
A00394,AIMHIGH,40.530431117499106,-80.11393128777353,36000,0,158,-1800
A00395,AIMHIGH,40.530431117499106,-80.10212815899618,36000,0,158,-1800
A00396,AIMHIGH,40.530431117499106,-79.85426245467178,36000,0,158,-1800
A00397,AIMHIGH,40.530431117499106,-79.84245932589442,36000,0,158,-1800
A00398,AIMHIGH,40.530431117499106,-79.7008217805662,36000,0,158,-1800
A00399,AIMHIGH,40.530431117499106,-79.68901865178884,36000,0,158,-1800
A00400,AIMHIGH,40.52144800574919,-80.27917509065647,36000,0,158,-1800
A00401,AIMHIGH,40.52144800574919,-80.2673719618791,36000,0,158,-1800
A00402,AIMHIGH,40.52144800574919,-80.12573441655088,36000,0,158,-1800
A00403,AIMHIGH,40.52144800574919,-80.11393128777353,36000,0,158,-1800
A00404,AIMHIGH,40.52144800574919,-80.10212815899618,36000,0,158,-1800
A00405,AIMHIGH,40.52144800574919,-79.85426245467178,36000,0,158,-1800
A00406,AIMHIGH,40.52144800574919,-79.84245932589442,36000,0,158,-1800
A00407,AIMHIGH,40.52144800574919,-79.7008217805662,36000,0,158,-1800
A00408,AIMHIGH,40.52144800574919,-79.68901865178884,36000,0,158,-1800
A00409,AIMHIGH,40.51246489399929,-80.2673719618791,36000,0,158,-1800
A00410,AIMHIGH,40.51246489399929,-80.12573441655088,36000,0,158,-1800
A00411,AIMHIGH,40.51246489399929,-80.11393128777353,36000,0,158,-1800
A00412,AIMHIGH,40.51246489399929,-79.85426245467178,36000,0,158,-1800
A00413,AIMHIGH,40.51246489399929,-79.84245932589442,36000,0,158,-1800
A00414,AIMHIGH,40.51246489399929,-79.7008217805662,36000,0,158,-1800
A00415,AIMHIGH,40.51246489399929,-79.68901865178884,36000,0,158,-1800
A00416,AIMHIGH,40.503481782249374,-80.2673719618791,36000,0,158,-1800
A00417,AIMHIGH,40.503481782249374,-80.12573441655088,36000,0,158,-1800
A00418,AIMHIGH,40.503481782249374,-80.11393128777353,36000,0,158,-1800
A00419,AIMHIGH,40.503481782249374,-80.00770312877737,36000,0,158,-1800
A00420,AIMHIGH,40.503481782249374,-79.9959,36000,0,158,-1800
A00421,AIMHIGH,40.503481782249374,-79.98409687122265,36000,0,158,-1800
A00422,AIMHIGH,40.503481782249374,-79.9722937424453,36000,0,158,-1800
A00423,AIMHIGH,40.503481782249374,-79.96049061366794,36000,0,158,-1800
A00424,AIMHIGH,40.503481782249374,-79.9486874848906,36000,0,158,-1800
A00425,AIMHIGH,40.503481782249374,-79.85426245467178,36000,0,158,-1800
A00426,AIMHIGH,40.503481782249374,-79.84245932589442,36000,0,158,-1800
A00427,AIMHIGH,40.503481782249374,-79.7008217805662,36000,0,158,-1800
A00428,AIMHIGH,40.503481782249374,-79.68901865178884,36000,0,158,-1800
A00429,AIMHIGH,40.49449867049947,-80.2673719618791,36000,0,158,-1800
A00430,AIMHIGH,40.49449867049947,-80.12573441655088,36000,0,158,-1800
A00431,AIMHIGH,40.49449867049947,-80.11393128777353,36000,0,158,-1800
A00432,AIMHIGH,40.49449867049947,-80.01950625755471,36000,0,158,-1800
A00433,AIMHIGH,40.49449867049947,-80.00770312877737,36000,0,158,-1800
A00434,AIMHIGH,40.49449867049947,-79.9959,36000,0,158,-1800
A00435,AIMHIGH,40.49449867049947,-79.98409687122265,36000,0,158,-1800
A00436,AIMHIGH,40.49449867049947,-79.9722937424453,36000,0,158,-1800
A00437,AIMHIGH,40.49449867049947,-79.96049061366794,36000,0,158,-1800
A00438,AIMHIGH,40.49449867049947,-79.9486874848906,36000,0,158,-1800
A00439,AIMHIGH,40.49449867049947,-79.93688435611324,36000,0,158,-1800
A00440,AIMHIGH,40.49449867049947,-79.85426245467178,36000,0,158,-1800
A00441,AIMHIGH,40.49449867049947,-79.84245932589442,36000,0,158,-1800
A00442,AIMHIGH,40.49449867049947,-79.7008217805662,36000,0,158,-1800
A00443,AIMHIGH,40.49449867049947,-79.68901865178884,36000,0,158,-1800
A00444,AIMHIGH,40.485515558749555,-80.2673719618791,36000,0,158,-1800
A00445,AIMHIGH,40.485515558749555,-80.12573441655088,36000,0,158,-1800
A00446,AIMHIGH,40.485515558749555,-80.11393128777353,36000,0,158,-1800
A00447,AIMHIGH,40.485515558749555,-80.01950625755471,36000,0,158,-1800
A00448,AIMHIGH,40.485515558749555,-80.00770312877737,36000,0,158,-1800
A00449,AIMHIGH,40.485515558749555,-79.9486874848906,36000,0,158,-1800
A00450,AIMHIGH,40.485515558749555,-79.93688435611324,36000,0,158,-1800
A00451,AIMHIGH,40.485515558749555,-79.85426245467178,36000,0,158,-1800
A00452,AIMHIGH,40.485515558749555,-79.84245932589442,36000,0,158,-1800
A00453,AIMHIGH,40.485515558749555,-79.7008217805662,36000,0,158,-1800
A00454,AIMHIGH,40.485515558749555,-79.68901865178884,36000,0,158,-1800
A00455,AIMHIGH,40.47653244699964,-80.2673719618791,36000,0,158,-1800
A00456,AIMHIGH,40.47653244699964,-80.25556883310176,36000,0,158,-1800
A00457,AIMHIGH,40.47653244699964,-80.12573441655088,36000,0,158,-1800
A00458,AIMHIGH,40.47653244699964,-80.11393128777353,36000,0,158,-1800
A00459,AIMHIGH,40.47653244699964,-80.03130938633207,36000,0,158,-1800
A00460,AIMHIGH,40.47653244699964,-80.01950625755471,36000,0,158,-1800
A00461,AIMHIGH,40.47653244699964,-79.9486874848906,36000,0,158,-1800
A00462,AIMHIGH,40.47653244699964,-79.93688435611324,36000,0,158,-1800
A00463,AIMHIGH,40.47653244699964,-79.85426245467178,36000,0,158,-1800
A00464,AIMHIGH,40.47653244699964,-79.84245932589442,36000,0,158,-1800
A00465,AIMHIGH,40.47653244699964,-79.7008217805662,36000,0,158,-1800
A00466,AIMHIGH,40.47653244699964,-79.68901865178884,36000,0,158,-1800
A00467,AIMHIGH,40.467549335249736,-80.2673719618791,36000,0,158,-1800
A00468,AIMHIGH,40.467549335249736,-80.25556883310176,36000,0,158,-1800
A00469,AIMHIGH,40.467549335249736,-80.12573441655088,36000,0,158,-1800
A00470,AIMHIGH,40.467549335249736,-80.11393128777353,36000,0,158,-1800
A00471,AIMHIGH,40.467549335249736,-80.03130938633207,36000,0,158,-1800
A00472,AIMHIGH,40.467549335249736,-80.01950625755471,36000,0,158,-1800
A00473,AIMHIGH,40.467549335249736,-79.9486874848906,36000,0,158,-1800
A00474,AIMHIGH,40.467549335249736,-79.93688435611324,36000,0,158,-1800
A00475,AIMHIGH,40.467549335249736,-79.85426245467178,36000,0,158,-1800
A00476,AIMHIGH,40.467549335249736,-79.84245932589442,36000,0,158,-1800
A00477,AIMHIGH,40.467549335249736,-79.7008217805662,36000,0,158,-1800
A00478,AIMHIGH,40.467549335249736,-79.68901865178884,36000,0,158,-1800
A00479,AIMHIGH,40.45856622349982,-80.2673719618791,36000,0,158,-1800
A00480,AIMHIGH,40.45856622349982,-80.25556883310176,36000,0,158,-1800
A00481,AIMHIGH,40.45856622349982,-80.12573441655088,36000,0,158,-1800
A00482,AIMHIGH,40.45856622349982,-80.11393128777353,36000,0,158,-1800
A00483,AIMHIGH,40.45856622349982,-80.01950625755471,36000,0,158,-1800
A00484,AIMHIGH,40.45856622349982,-80.00770312877737,36000,0,158,-1800
A00485,AIMHIGH,40.45856622349982,-79.9486874848906,36000,0,158,-1800
A00486,AIMHIGH,40.45856622349982,-79.93688435611324,36000,0,158,-1800
A00487,AIMHIGH,40.45856622349982,-79.85426245467178,36000,0,158,-1800
A00488,AIMHIGH,40.45856622349982,-79.84245932589442,36000,0,158,-1800
A00489,AIMHIGH,40.45856622349982,-79.7008217805662,36000,0,158,-1800
A00490,AIMHIGH,40.45856622349982,-79.68901865178884,36000,0,158,-1800
A00491,AIMHIGH,40.44958311174992,-80.2673719618791,36000,0,158,-1800
A00492,AIMHIGH,40.44958311174992,-80.25556883310176,36000,0,158,-1800
A00493,AIMHIGH,40.44958311174992,-80.12573441655088,36000,0,158,-1800
A00494,AIMHIGH,40.44958311174992,-80.11393128777353,36000,0,158,-1800
A00495,AIMHIGH,40.44958311174992,-80.10212815899618,36000,0,158,-1800
A00496,AIMHIGH,40.44958311174992,-80.01950625755471,36000,0,158,-1800
A00497,AIMHIGH,40.44958311174992,-80.00770312877737,36000,0,158,-1800
A00498,AIMHIGH,40.44958311174992,-79.9959,36000,0,158,-1800
A00499,AIMHIGH,40.44958311174992,-79.9722937424453,36000,0,158,-1800
A00500,AIMHIGH,40.44958311174992,-79.96049061366794,36000,0,158,-1800
A00501,AIMHIGH,40.44958311174992,-79.9486874848906,36000,0,158,-1800
A00502,AIMHIGH,40.44958311174992,-79.85426245467178,36000,0,158,-1800
A00503,AIMHIGH,40.44958311174992,-79.84245932589442,36000,0,158,-1800
A00504,AIMHIGH,40.44958311174992,-79.7008217805662,36000,0,158,-1800
A00505,AIMHIGH,40.4406,-80.25556883310176,36000,0,158,-1800
A00506,AIMHIGH,40.4406,-80.11393128777353,36000,0,158,-1800
A00507,AIMHIGH,40.4406,-80.10212815899618,36000,0,158,-1800
A00508,AIMHIGH,40.4406,-80.00770312877737,36000,0,158,-1800
A00509,AIMHIGH,40.4406,-79.9959,36000,0,158,-1800
A00510,AIMHIGH,40.4406,-79.9722937424453,36000,0,158,-1800
A00511,AIMHIGH,40.4406,-79.96049061366794,36000,0,158,-1800
A00512,AIMHIGH,40.4406,-79.9486874848906,36000,0,158,-1800
A00513,AIMHIGH,40.4406,-79.85426245467178,36000,0,158,-1800
A00514,AIMHIGH,40.4406,-79.84245932589442,36000,0,158,-1800
A00515,AIMHIGH,40.4406,-79.71262490934355,36000,0,158,-1800
A00516,AIMHIGH,40.4406,-79.7008217805662,36000,0,158,-1800
A00517,AIMHIGH,40.43161688825009,-80.25556883310176,36000,0,158,-1800
A00518,AIMHIGH,40.43161688825009,-80.2437657043244,36000,0,158,-1800
A00519,AIMHIGH,40.43161688825009,-80.11393128777353,36000,0,158,-1800
A00520,AIMHIGH,40.43161688825009,-80.10212815899618,36000,0,158,-1800
A00521,AIMHIGH,40.43161688825009,-80.00770312877737,36000,0,158,-1800
A00522,AIMHIGH,40.43161688825009,-79.9959,36000,0,158,-1800
A00523,AIMHIGH,40.43161688825009,-79.9722937424453,36000,0,158,-1800
A00524,AIMHIGH,40.43161688825009,-79.96049061366794,36000,0,158,-1800
A00525,AIMHIGH,40.43161688825009,-79.9486874848906,36000,0,158,-1800
A00526,AIMHIGH,40.43161688825009,-79.85426245467178,36000,0,158,-1800
A00527,AIMHIGH,40.43161688825009,-79.84245932589442,36000,0,158,-1800
A00528,AIMHIGH,40.43161688825009,-79.71262490934355,36000,0,158,-1800
A00529,AIMHIGH,40.43161688825009,-79.7008217805662,36000,0,158,-1800
A00530,AIMHIGH,40.422633776500184,-80.25556883310176,36000,0,158,-1800
A00531,AIMHIGH,40.422633776500184,-80.2437657043244,36000,0,158,-1800
A00532,AIMHIGH,40.422633776500184,-80.11393128777353,36000,0,158,-1800
A00533,AIMHIGH,40.422633776500184,-80.10212815899618,36000,0,158,-1800
A00534,AIMHIGH,40.422633776500184,-80.00770312877737,36000,0,158,-1800
A00535,AIMHIGH,40.422633776500184,-79.9722937424453,36000,0,158,-1800
A00536,AIMHIGH,40.422633776500184,-79.96049061366794,36000,0,158,-1800
A00537,AIMHIGH,40.422633776500184,-79.9486874848906,36000,0,158,-1800
A00538,AIMHIGH,40.422633776500184,-79.86606558344913,36000,0,158,-1800
A00539,AIMHIGH,40.422633776500184,-79.85426245467178,36000,0,158,-1800
A00540,AIMHIGH,40.422633776500184,-79.71262490934355,36000,0,158,-1800
A00541,AIMHIGH,40.422633776500184,-79.7008217805662,36000,0,158,-1800
A00542,AIMHIGH,40.41365066475027,-80.2437657043244,36000,0,158,-1800
A00543,AIMHIGH,40.41365066475027,-80.23196257554706,36000,0,158,-1800
A00544,AIMHIGH,40.41365066475027,-80.11393128777353,36000,0,158,-1800
A00545,AIMHIGH,40.41365066475027,-80.10212815899618,36000,0,158,-1800
A00546,AIMHIGH,40.41365066475027,-80.09032503021882,36000,0,158,-1800
A00547,AIMHIGH,40.41365066475027,-80.01950625755471,36000,0,158,-1800
A00548,AIMHIGH,40.41365066475027,-80.00770312877737,36000,0,158,-1800
A00549,AIMHIGH,40.41365066475027,-79.9722937424453,36000,0,158,-1800
A00550,AIMHIGH,40.41365066475027,-79.96049061366794,36000,0,158,-1800
A00551,AIMHIGH,40.41365066475027,-79.9486874848906,36000,0,158,-1800
A00552,AIMHIGH,40.41365066475027,-79.86606558344913,36000,0,158,-1800
A00553,AIMHIGH,40.41365066475027,-79.85426245467178,36000,0,158,-1800
A00554,AIMHIGH,40.41365066475027,-79.7244280381209,36000,0,158,-1800
A00555,AIMHIGH,40.41365066475027,-79.71262490934355,36000,0,158,-1800
A00556,AIMHIGH,40.404667553000365,-80.2437657043244,36000,0,158,-1800
A00557,AIMHIGH,40.404667553000365,-80.23196257554706,36000,0,158,-1800
A00558,AIMHIGH,40.404667553000365,-80.10212815899618,36000,0,158,-1800
A00559,AIMHIGH,40.404667553000365,-80.09032503021882,36000,0,158,-1800
A00560,AIMHIGH,40.404667553000365,-80.01950625755471,36000,0,158,-1800
A00561,AIMHIGH,40.404667553000365,-80.00770312877737,36000,0,158,-1800
A00562,AIMHIGH,40.404667553000365,-79.9959,36000,0,158,-1800
A00563,AIMHIGH,40.404667553000365,-79.98409687122265,36000,0,158,-1800
A00564,AIMHIGH,40.404667553000365,-79.9722937424453,36000,0,158,-1800
A00565,AIMHIGH,40.404667553000365,-79.96049061366794,36000,0,158,-1800
A00566,AIMHIGH,40.404667553000365,-79.9486874848906,36000,0,158,-1800
A00567,AIMHIGH,40.404667553000365,-79.87786871222649,36000,0,158,-1800
A00568,AIMHIGH,40.404667553000365,-79.86606558344913,36000,0,158,-1800
A00569,AIMHIGH,40.404667553000365,-79.85426245467178,36000,0,158,-1800
A00570,AIMHIGH,40.404667553000365,-79.7244280381209,36000,0,158,-1800
A00571,AIMHIGH,40.404667553000365,-79.71262490934355,36000,0,158,-1800
A00572,AIMHIGH,40.39568444125045,-80.2437657043244,36000,0,158,-1800
A00573,AIMHIGH,40.39568444125045,-80.23196257554706,36000,0,158,-1800
A00574,AIMHIGH,40.39568444125045,-80.10212815899618,36000,0,158,-1800
A00575,AIMHIGH,40.39568444125045,-80.09032503021882,36000,0,158,-1800
A00576,AIMHIGH,40.39568444125045,-80.01950625755471,36000,0,158,-1800
A00577,AIMHIGH,40.39568444125045,-80.00770312877737,36000,0,158,-1800
A00578,AIMHIGH,40.39568444125045,-79.9959,36000,0,158,-1800
A00579,AIMHIGH,40.39568444125045,-79.98409687122265,36000,0,158,-1800
A00580,AIMHIGH,40.39568444125045,-79.9722937424453,36000,0,158,-1800
A00581,AIMHIGH,40.39568444125045,-79.96049061366794,36000,0,158,-1800
A00582,AIMHIGH,40.39568444125045,-79.9486874848906,36000,0,158,-1800
A00583,AIMHIGH,40.39568444125045,-79.87786871222649,36000,0,158,-1800
A00584,AIMHIGH,40.39568444125045,-79.86606558344913,36000,0,158,-1800
A00585,AIMHIGH,40.39568444125045,-79.85426245467178,36000,0,158,-1800
A00586,AIMHIGH,40.39568444125045,-79.7244280381209,36000,0,158,-1800
A00587,AIMHIGH,40.39568444125045,-79.71262490934355,36000,0,158,-1800
A00588,AIMHIGH,40.38670132950054,-80.23196257554706,36000,0,158,-1800
A00589,AIMHIGH,40.38670132950054,-80.2201594467697,36000,0,158,-1800
A00590,AIMHIGH,40.38670132950054,-80.10212815899618,36000,0,158,-1800
A00591,AIMHIGH,40.38670132950054,-80.09032503021882,36000,0,158,-1800
A00592,AIMHIGH,40.38670132950054,-80.07852190144148,36000,0,158,-1800
A00593,AIMHIGH,40.38670132950054,-80.01950625755471,36000,0,158,-1800
A00594,AIMHIGH,40.38670132950054,-80.00770312877737,36000,0,158,-1800
A00595,AIMHIGH,40.38670132950054,-79.9959,36000,0,158,-1800
A00596,AIMHIGH,40.38670132950054,-79.98409687122265,36000,0,158,-1800
A00597,AIMHIGH,40.38670132950054,-79.9722937424453,36000,0,158,-1800
A00598,AIMHIGH,40.38670132950054,-79.96049061366794,36000,0,158,-1800
A00599,AIMHIGH,40.38670132950054,-79.9486874848906,36000,0,158,-1800
A00600,AIMHIGH,40.38670132950054,-79.87786871222649,36000,0,158,-1800
A00601,AIMHIGH,40.38670132950054,-79.86606558344913,36000,0,158,-1800
A00602,AIMHIGH,40.38670132950054,-79.73623116689825,36000,0,158,-1800
A00603,AIMHIGH,40.38670132950054,-79.7244280381209,36000,0,158,-1800
A00604,AIMHIGH,40.37771821775063,-80.23196257554706,36000,0,158,-1800
A00605,AIMHIGH,40.37771821775063,-80.2201594467697,36000,0,158,-1800
A00606,AIMHIGH,40.37771821775063,-80.09032503021882,36000,0,158,-1800
A00607,AIMHIGH,40.37771821775063,-80.07852190144148,36000,0,158,-1800
A00608,AIMHIGH,40.37771821775063,-79.88967184100383,36000,0,158,-1800
A00609,AIMHIGH,40.37771821775063,-79.87786871222649,36000,0,158,-1800
A00610,AIMHIGH,40.37771821775063,-79.86606558344913,36000,0,158,-1800
A00611,AIMHIGH,40.37771821775063,-79.73623116689825,36000,0,158,-1800
A00612,AIMHIGH,40.37771821775063,-79.7244280381209,36000,0,158,-1800
A00613,AIMHIGH,40.36873510600072,-80.2201594467697,36000,0,158,-1800
A00614,AIMHIGH,40.36873510600072,-80.20835631799235,36000,0,158,-1800
A00615,AIMHIGH,40.36873510600072,-80.07852190144148,36000,0,158,-1800
A00616,AIMHIGH,40.36873510600072,-80.06671877266412,36000,0,158,-1800
A00617,AIMHIGH,40.36873510600072,-79.88967184100383,36000,0,158,-1800
A00618,AIMHIGH,40.36873510600072,-79.87786871222649,36000,0,158,-1800
A00619,AIMHIGH,40.36873510600072,-79.74803429567561,36000,0,158,-1800
A00620,AIMHIGH,40.36873510600072,-79.73623116689825,36000,0,158,-1800
A00621,AIMHIGH,40.359751994250814,-80.2201594467697,36000,0,158,-1800
A00622,AIMHIGH,40.359751994250814,-80.20835631799235,36000,0,158,-1800
A00623,AIMHIGH,40.359751994250814,-80.196553189215,36000,0,158,-1800
A00624,AIMHIGH,40.359751994250814,-80.07852190144148,36000,0,158,-1800
A00625,AIMHIGH,40.359751994250814,-80.06671877266412,36000,0,158,-1800
A00626,AIMHIGH,40.359751994250814,-80.05491564388677,36000,0,158,-1800
A00627,AIMHIGH,40.359751994250814,-79.90147496978119,36000,0,158,-1800
A00628,AIMHIGH,40.359751994250814,-79.88967184100383,36000,0,158,-1800
A00629,AIMHIGH,40.359751994250814,-79.75983742445295,36000,0,158,-1800
A00630,AIMHIGH,40.359751994250814,-79.74803429567561,36000,0,158,-1800
A00631,AIMHIGH,40.3507688825009,-80.20835631799235,36000,0,158,-1800
A00632,AIMHIGH,40.3507688825009,-80.196553189215,36000,0,158,-1800
A00633,AIMHIGH,40.3507688825009,-80.06671877266412,36000,0,158,-1800
A00634,AIMHIGH,40.3507688825009,-80.05491564388677,36000,0,158,-1800
A00635,AIMHIGH,40.3507688825009,-80.04311251510941,36000,0,158,-1800
A00636,AIMHIGH,40.3507688825009,-79.91327809855854,36000,0,158,-1800
A00637,AIMHIGH,40.3507688825009,-79.90147496978119,36000,0,158,-1800
A00638,AIMHIGH,40.3507688825009,-79.77164055323031,36000,0,158,-1800
A00639,AIMHIGH,40.3507688825009,-79.75983742445295,36000,0,158,-1800
A00640,AIMHIGH,40.3507688825009,-79.74803429567561,36000,0,158,-1800
A00641,AIMHIGH,40.34178577075099,-80.196553189215,36000,0,158,-1800
A00642,AIMHIGH,40.34178577075099,-80.18475006043764,36000,0,158,-1800
A00643,AIMHIGH,40.34178577075099,-80.17294693166029,36000,0,158,-1800
A00644,AIMHIGH,40.34178577075099,-80.05491564388677,36000,0,158,-1800
A00645,AIMHIGH,40.34178577075099,-80.04311251510941,36000,0,158,-1800
A00646,AIMHIGH,40.34178577075099,-80.03130938633207,36000,0,158,-1800
A00647,AIMHIGH,40.34178577075099,-79.93688435611324,36000,0,158,-1800
A00648,AIMHIGH,40.34178577075099,-79.9250812273359,36000,0,158,-1800
A00649,AIMHIGH,40.34178577075099,-79.91327809855854,36000,0,158,-1800
A00650,AIMHIGH,40.34178577075099,-79.79524681078502,36000,0,158,-1800
A00651,AIMHIGH,40.34178577075099,-79.78344368200766,36000,0,158,-1800
A00652,AIMHIGH,40.34178577075099,-79.77164055323031,36000,0,158,-1800
A00653,AIMHIGH,40.34178577075099,-79.75983742445295,36000,0,158,-1800
A00654,AIMHIGH,40.33280265900108,-80.18475006043764,36000,0,158,-1800
A00655,AIMHIGH,40.33280265900108,-80.17294693166029,36000,0,158,-1800
A00656,AIMHIGH,40.33280265900108,-80.16114380288293,36000,0,158,-1800
A00657,AIMHIGH,40.33280265900108,-80.04311251510941,36000,0,158,-1800
A00658,AIMHIGH,40.33280265900108,-80.03130938633207,36000,0,158,-1800
A00659,AIMHIGH,40.33280265900108,-80.01950625755471,36000,0,158,-1800
A00660,AIMHIGH,40.33280265900108,-80.00770312877737,36000,0,158,-1800
A00661,AIMHIGH,40.33280265900108,-79.9486874848906,36000,0,158,-1800
A00662,AIMHIGH,40.33280265900108,-79.93688435611324,36000,0,158,-1800
A00663,AIMHIGH,40.33280265900108,-79.9250812273359,36000,0,158,-1800
A00664,AIMHIGH,40.33280265900108,-79.80704993956238,36000,0,158,-1800
A00665,AIMHIGH,40.33280265900108,-79.79524681078502,36000,0,158,-1800
A00666,AIMHIGH,40.33280265900108,-79.78344368200766,36000,0,158,-1800
A00667,AIMHIGH,40.33280265900108,-79.77164055323031,36000,0,158,-1800
A00668,AIMHIGH,40.32381954725117,-80.17294693166029,36000,0,158,-1800
A00669,AIMHIGH,40.32381954725117,-80.16114380288293,36000,0,158,-1800
A00670,AIMHIGH,40.32381954725117,-80.14934067410559,36000,0,158,-1800
A00671,AIMHIGH,40.32381954725117,-80.01950625755471,36000,0,158,-1800
A00672,AIMHIGH,40.32381954725117,-80.00770312877737,36000,0,158,-1800
A00673,AIMHIGH,40.32381954725117,-79.9959,36000,0,158,-1800
A00674,AIMHIGH,40.32381954725117,-79.98409687122265,36000,0,158,-1800
A00675,AIMHIGH,40.32381954725117,-79.9722937424453,36000,0,158,-1800
A00676,AIMHIGH,40.32381954725117,-79.96049061366794,36000,0,158,-1800
A00677,AIMHIGH,40.32381954725117,-79.9486874848906,36000,0,158,-1800
A00678,AIMHIGH,40.32381954725117,-79.93688435611324,36000,0,158,-1800
A00679,AIMHIGH,40.32381954725117,-79.81885306833972,36000,0,158,-1800
A00680,AIMHIGH,40.32381954725117,-79.80704993956238,36000,0,158,-1800
A00681,AIMHIGH,40.32381954725117,-79.79524681078502,36000,0,158,-1800
A00682,AIMHIGH,40.32381954725117,-79.78344368200766,36000,0,158,-1800
A00683,AIMHIGH,40.31483643550126,-80.14934067410559,36000,0,158,-1800
A00684,AIMHIGH,40.31483643550126,-80.13753754532823,36000,0,158,-1800
A00685,AIMHIGH,40.31483643550126,-80.12573441655088,36000,0,158,-1800
A00686,AIMHIGH,40.31483643550126,-80.00770312877737,36000,0,158,-1800
A00687,AIMHIGH,40.31483643550126,-79.9959,36000,0,158,-1800
A00688,AIMHIGH,40.31483643550126,-79.98409687122265,36000,0,158,-1800
A00689,AIMHIGH,40.31483643550126,-79.9722937424453,36000,0,158,-1800
A00690,AIMHIGH,40.31483643550126,-79.96049061366794,36000,0,158,-1800
A00691,AIMHIGH,40.31483643550126,-79.83065619711708,36000,0,158,-1800
A00692,AIMHIGH,40.31483643550126,-79.81885306833972,36000,0,158,-1800
A00693,AIMHIGH,40.31483643550126,-79.80704993956238,36000,0,158,-1800
A00694,AIMHIGH,40.31483643550126,-79.79524681078502,36000,0,158,-1800
A00695,AIMHIGH,40.30585332375135,-80.13753754532823,36000,0,158,-1800
A00696,AIMHIGH,40.30585332375135,-80.12573441655088,36000,0,158,-1800
A00697,AIMHIGH,40.30585332375135,-80.11393128777353,36000,0,158,-1800
A00698,AIMHIGH,40.30585332375135,-79.98409687122265,36000,0,158,-1800
A00699,AIMHIGH,40.30585332375135,-79.9722937424453,36000,0,158,-1800
A00700,AIMHIGH,40.30585332375135,-79.84245932589442,36000,0,158,-1800
A00701,AIMHIGH,40.30585332375135,-79.83065619711708,36000,0,158,-1800
A00702,AIMHIGH,40.30585332375135,-79.81885306833972,36000,0,158,-1800
A00703,AIMHIGH,40.296870212001444,-80.12573441655088,36000,0,158,-1800
A00704,AIMHIGH,40.296870212001444,-80.11393128777353,36000,0,158,-1800
A00705,AIMHIGH,40.296870212001444,-80.10212815899618,36000,0,158,-1800
A00706,AIMHIGH,40.296870212001444,-79.85426245467178,36000,0,158,-1800
A00707,AIMHIGH,40.296870212001444,-79.84245932589442,36000,0,158,-1800
A00708,AIMHIGH,40.296870212001444,-79.83065619711708,36000,0,158,-1800
A00709,AIMHIGH,40.28788710025153,-80.11393128777353,36000,0,158,-1800
A00710,AIMHIGH,40.28788710025153,-80.10212815899618,36000,0,158,-1800
A00711,AIMHIGH,40.28788710025153,-80.09032503021882,36000,0,158,-1800
A00712,AIMHIGH,40.28788710025153,-80.07852190144148,36000,0,158,-1800
A00713,AIMHIGH,40.28788710025153,-79.87786871222649,36000,0,158,-1800
A00714,AIMHIGH,40.28788710025153,-79.86606558344913,36000,0,158,-1800
A00715,AIMHIGH,40.28788710025153,-79.85426245467178,36000,0,158,-1800
A00716,AIMHIGH,40.27890398850162,-80.11393128777353,36000,0,158,-1800
A00717,AIMHIGH,40.27890398850162,-80.10212815899618,36000,0,158,-1800
A00718,AIMHIGH,40.27890398850162,-80.09032503021882,36000,0,158,-1800
A00719,AIMHIGH,40.27890398850162,-80.07852190144148,36000,0,158,-1800
A00720,AIMHIGH,40.27890398850162,-80.06671877266412,36000,0,158,-1800
A00721,AIMHIGH,40.27890398850162,-79.88967184100383,36000,0,158,-1800
A00722,AIMHIGH,40.27890398850162,-79.87786871222649,36000,0,158,-1800
A00723,AIMHIGH,40.27890398850162,-79.86606558344913,36000,0,158,-1800
A00724,AIMHIGH,40.27890398850162,-79.85426245467178,36000,0,158,-1800
A00725,AIMHIGH,40.26992087675171,-80.09032503021882,36000,0,158,-1800
A00726,AIMHIGH,40.26992087675171,-80.07852190144148,36000,0,158,-1800
A00727,AIMHIGH,40.26992087675171,-80.06671877266412,36000,0,158,-1800
A00728,AIMHIGH,40.26992087675171,-80.05491564388677,36000,0,158,-1800
A00729,AIMHIGH,40.26992087675171,-80.04311251510941,36000,0,158,-1800
A00730,AIMHIGH,40.26992087675171,-79.91327809855854,36000,0,158,-1800
A00731,AIMHIGH,40.26992087675171,-79.90147496978119,36000,0,158,-1800
A00732,AIMHIGH,40.26992087675171,-79.88967184100383,36000,0,158,-1800
A00733,AIMHIGH,40.26992087675171,-79.87786871222649,36000,0,158,-1800
A00734,AIMHIGH,40.26992087675171,-79.86606558344913,36000,0,158,-1800
A00735,AIMHIGH,40.2609377650018,-80.07852190144148,36000,0,158,-1800
A00736,AIMHIGH,40.2609377650018,-80.06671877266412,36000,0,158,-1800
A00737,AIMHIGH,40.2609377650018,-80.05491564388677,36000,0,158,-1800
A00738,AIMHIGH,40.2609377650018,-80.04311251510941,36000,0,158,-1800
A00739,AIMHIGH,40.2609377650018,-79.91327809855854,36000,0,158,-1800
A00740,AIMHIGH,40.2609377650018,-79.90147496978119,36000,0,158,-1800
A00741,AIMHIGH,40.2609377650018,-79.88967184100383,36000,0,158,-1800
A00742,AIMHIGH,40.25195465325189,-80.05491564388677,36000,0,158,-1800
A00743,AIMHIGH,40.25195465325189,-80.04311251510941,36000,0,158,-1800
A00744,AIMHIGH,40.25195465325189,-80.03130938633207,36000,0,158,-1800
A00745,AIMHIGH,40.25195465325189,-80.01950625755471,36000,0,158,-1800
A00746,AIMHIGH,40.25195465325189,-79.93688435611324,36000,0,158,-1800
A00747,AIMHIGH,40.25195465325189,-79.9250812273359,36000,0,158,-1800
A00748,AIMHIGH,40.25195465325189,-79.91327809855854,36000,0,158,-1800
A00749,AIMHIGH,40.25195465325189,-79.90147496978119,36000,0,158,-1800
A00750,AIMHIGH,40.24297154150198,-80.03130938633207,36000,0,158,-1800
A00751,AIMHIGH,40.24297154150198,-80.01950625755471,36000,0,158,-1800
A00752,AIMHIGH,40.24297154150198,-80.00770312877737,36000,0,158,-1800
A00753,AIMHIGH,40.24297154150198,-79.9959,36000,0,158,-1800
A00754,AIMHIGH,40.24297154150198,-79.9722937424453,36000,0,158,-1800
A00755,AIMHIGH,40.24297154150198,-79.96049061366794,36000,0,158,-1800
A00756,AIMHIGH,40.24297154150198,-79.9486874848906,36000,0,158,-1800
A00757,AIMHIGH,40.24297154150198,-79.93688435611324,36000,0,158,-1800
A00758,AIMHIGH,40.24297154150198,-79.9250812273359,36000,0,158,-1800
A00759,AIMHIGH,40.23398842975207,-80.00770312877737,36000,0,158,-1800
A00760,AIMHIGH,40.23398842975207,-79.9959,36000,0,158,-1800
A00761,AIMHIGH,40.23398842975207,-79.98409687122265,36000,0,158,-1800
A00762,AIMHIGH,40.23398842975207,-79.9722937424453,36000,0,158,-1800
A00763,AIMHIGH,40.23398842975207,-79.96049061366794,36000,0,158,-1800
A00764,AIMHIGH,40.23398842975207,-79.9486874848906,36000,0,158,-1800
A00765,AIMHIGH,40.22500531800216,-79.98409687122265,36000,0,158,-1800
A00766,AIMHIGH,40.22500531800216,-79.9722937424453,36000,0,158,-1800
A00767,AIMHIGH,40.1711066475027,-80.38540324965263,36000,0,158,-1800
A00768,AIMHIGH,40.1711066475027,-80.37360012087528,36000,0,158,-1800
A00769,AIMHIGH,40.1711066475027,-80.36179699209792,36000,0,158,-1800
A00770,AIMHIGH,40.1711066475027,-80.27917509065647,36000,0,158,-1800
A00771,AIMHIGH,40.1711066475027,-80.2673719618791,36000,0,158,-1800
A00772,AIMHIGH,40.1711066475027,-80.2201594467697,36000,0,158,-1800
A00773,AIMHIGH,40.1711066475027,-80.20835631799235,36000,0,158,-1800
A00774,AIMHIGH,40.1711066475027,-80.10212815899618,36000,0,158,-1800
A00775,AIMHIGH,40.1711066475027,-80.09032503021882,36000,0,158,-1800
A00776,AIMHIGH,40.1711066475027,-80.00770312877737,36000,0,158,-1800
A00777,AIMHIGH,40.1711066475027,-79.9959,36000,0,158,-1800
A00778,AIMHIGH,40.1711066475027,-79.98409687122265,36000,0,158,-1800
A00779,AIMHIGH,40.1711066475027,-79.9722937424453,36000,0,158,-1800
A00780,AIMHIGH,40.1711066475027,-79.90147496978119,36000,0,158,-1800
A00781,AIMHIGH,40.1711066475027,-79.88967184100383,36000,0,158,-1800
A00782,AIMHIGH,40.1711066475027,-79.85426245467178,36000,0,158,-1800
A00783,AIMHIGH,40.1711066475027,-79.84245932589442,36000,0,158,-1800
A00784,AIMHIGH,40.1711066475027,-79.83065619711708,36000,0,158,-1800
A00785,AIMHIGH,40.1711066475027,-79.73623116689825,36000,0,158,-1800
A00786,AIMHIGH,40.1711066475027,-79.7244280381209,36000,0,158,-1800
A00787,AIMHIGH,40.1711066475027,-79.71262490934355,36000,0,158,-1800
A00788,AIMHIGH,40.1711066475027,-79.63000300790209,36000,0,158,-1800
A00789,AIMHIGH,40.1711066475027,-79.61819987912473,36000,0,158,-1800
A00790,AIMHIGH,40.1711066475027,-79.53557797768326,36000,0,158,-1800
A00791,AIMHIGH,40.1711066475027,-79.52377484890592,36000,0,158,-1800
A00792,AIMHIGH,40.16212353575279,-80.39720637842998,36000,0,158,-1800
A00793,AIMHIGH,40.16212353575279,-80.38540324965263,36000,0,158,-1800
A00794,AIMHIGH,40.16212353575279,-80.37360012087528,36000,0,158,-1800
A00795,AIMHIGH,40.16212353575279,-80.36179699209792,36000,0,158,-1800
A00796,AIMHIGH,40.16212353575279,-80.34999386332058,36000,0,158,-1800
A00797,AIMHIGH,40.16212353575279,-80.27917509065647,36000,0,158,-1800
A00798,AIMHIGH,40.16212353575279,-80.2673719618791,36000,0,158,-1800
A00799,AIMHIGH,40.16212353575279,-80.2201594467697,36000,0,158,-1800
A00800,AIMHIGH,40.16212353575279,-80.20835631799235,36000,0,158,-1800
A00801,AIMHIGH,40.16212353575279,-80.196553189215,36000,0,158,-1800
A00802,AIMHIGH,40.16212353575279,-80.11393128777353,36000,0,158,-1800
A00803,AIMHIGH,40.16212353575279,-80.10212815899618,36000,0,158,-1800
A00804,AIMHIGH,40.16212353575279,-80.09032503021882,36000,0,158,-1800
A00805,AIMHIGH,40.16212353575279,-80.00770312877737,36000,0,158,-1800
A00806,AIMHIGH,40.16212353575279,-79.9959,36000,0,158,-1800
A00807,AIMHIGH,40.16212353575279,-79.98409687122265,36000,0,158,-1800
A00808,AIMHIGH,40.16212353575279,-79.9722937424453,36000,0,158,-1800
A00809,AIMHIGH,40.16212353575279,-79.90147496978119,36000,0,158,-1800
A00810,AIMHIGH,40.16212353575279,-79.88967184100383,36000,0,158,-1800
A00811,AIMHIGH,40.16212353575279,-79.85426245467178,36000,0,158,-1800
A00812,AIMHIGH,40.16212353575279,-79.84245932589442,36000,0,158,-1800
A00813,AIMHIGH,40.16212353575279,-79.83065619711708,36000,0,158,-1800
A00814,AIMHIGH,40.16212353575279,-79.75983742445295,36000,0,158,-1800
A00815,AIMHIGH,40.16212353575279,-79.74803429567561,36000,0,158,-1800
A00816,AIMHIGH,40.16212353575279,-79.73623116689825,36000,0,158,-1800
A00817,AIMHIGH,40.16212353575279,-79.7244280381209,36000,0,158,-1800
A00818,AIMHIGH,40.16212353575279,-79.71262490934355,36000,0,158,-1800
A00819,AIMHIGH,40.16212353575279,-79.7008217805662,36000,0,158,-1800
A00820,AIMHIGH,40.16212353575279,-79.68901865178884,36000,0,158,-1800
A00821,AIMHIGH,40.16212353575279,-79.63000300790209,36000,0,158,-1800
A00822,AIMHIGH,40.16212353575279,-79.61819987912473,36000,0,158,-1800
A00823,AIMHIGH,40.16212353575279,-79.53557797768326,36000,0,158,-1800
A00824,AIMHIGH,40.16212353575279,-79.52377484890592,36000,0,158,-1800
A00825,AIMHIGH,40.15314042400288,-80.39720637842998,36000,0,158,-1800
A00826,AIMHIGH,40.15314042400288,-80.38540324965263,36000,0,158,-1800
A00827,AIMHIGH,40.15314042400288,-80.37360012087528,36000,0,158,-1800
A00828,AIMHIGH,40.15314042400288,-80.36179699209792,36000,0,158,-1800
A00829,AIMHIGH,40.15314042400288,-80.34999386332058,36000,0,158,-1800
A00830,AIMHIGH,40.15314042400288,-80.27917509065647,36000,0,158,-1800
A00831,AIMHIGH,40.15314042400288,-80.2673719618791,36000,0,158,-1800
A00832,AIMHIGH,40.15314042400288,-80.2201594467697,36000,0,158,-1800
A00833,AIMHIGH,40.15314042400288,-80.20835631799235,36000,0,158,-1800
A00834,AIMHIGH,40.15314042400288,-80.196553189215,36000,0,158,-1800
A00835,AIMHIGH,40.15314042400288,-80.11393128777353,36000,0,158,-1800
A00836,AIMHIGH,40.15314042400288,-80.10212815899618,36000,0,158,-1800
A00837,AIMHIGH,40.15314042400288,-80.09032503021882,36000,0,158,-1800
A00838,AIMHIGH,40.15314042400288,-80.00770312877737,36000,0,158,-1800
A00839,AIMHIGH,40.15314042400288,-79.9959,36000,0,158,-1800
A00840,AIMHIGH,40.15314042400288,-79.98409687122265,36000,0,158,-1800
A00841,AIMHIGH,40.15314042400288,-79.9722937424453,36000,0,158,-1800
A00842,AIMHIGH,40.15314042400288,-79.90147496978119,36000,0,158,-1800
A00843,AIMHIGH,40.15314042400288,-79.88967184100383,36000,0,158,-1800
A00844,AIMHIGH,40.15314042400288,-79.85426245467178,36000,0,158,-1800
A00845,AIMHIGH,40.15314042400288,-79.84245932589442,36000,0,158,-1800
A00846,AIMHIGH,40.15314042400288,-79.83065619711708,36000,0,158,-1800
A00847,AIMHIGH,40.15314042400288,-79.77164055323031,36000,0,158,-1800
A00848,AIMHIGH,40.15314042400288,-79.75983742445295,36000,0,158,-1800
A00849,AIMHIGH,40.15314042400288,-79.74803429567561,36000,0,158,-1800
A00850,AIMHIGH,40.15314042400288,-79.73623116689825,36000,0,158,-1800
A00851,AIMHIGH,40.15314042400288,-79.7244280381209,36000,0,158,-1800
A00852,AIMHIGH,40.15314042400288,-79.71262490934355,36000,0,158,-1800
A00853,AIMHIGH,40.15314042400288,-79.7008217805662,36000,0,158,-1800
A00854,AIMHIGH,40.15314042400288,-79.68901865178884,36000,0,158,-1800
A00855,AIMHIGH,40.15314042400288,-79.6772155230115,36000,0,158,-1800
A00856,AIMHIGH,40.15314042400288,-79.63000300790209,36000,0,158,-1800
A00857,AIMHIGH,40.15314042400288,-79.61819987912473,36000,0,158,-1800
A00858,AIMHIGH,40.15314042400288,-79.53557797768326,36000,0,158,-1800
A00859,AIMHIGH,40.15314042400288,-79.52377484890592,36000,0,158,-1800
A00860,AIMHIGH,40.144157312252965,-80.39720637842998,36000,0,158,-1800
A00861,AIMHIGH,40.144157312252965,-80.38540324965263,36000,0,158,-1800
A00862,AIMHIGH,40.144157312252965,-80.37360012087528,36000,0,158,-1800
A00863,AIMHIGH,40.144157312252965,-80.36179699209792,36000,0,158,-1800
A00864,AIMHIGH,40.144157312252965,-80.34999386332058,36000,0,158,-1800
A00865,AIMHIGH,40.144157312252965,-80.27917509065647,36000,0,158,-1800
A00866,AIMHIGH,40.144157312252965,-80.2673719618791,36000,0,158,-1800
A00867,AIMHIGH,40.144157312252965,-80.2201594467697,36000,0,158,-1800
A00868,AIMHIGH,40.144157312252965,-80.20835631799235,36000,0,158,-1800
A00869,AIMHIGH,40.144157312252965,-80.196553189215,36000,0,158,-1800
A00870,AIMHIGH,40.144157312252965,-80.18475006043764,36000,0,158,-1800
A00871,AIMHIGH,40.144157312252965,-80.17294693166029,36000,0,158,-1800
A00872,AIMHIGH,40.144157312252965,-80.12573441655088,36000,0,158,-1800
A00873,AIMHIGH,40.144157312252965,-80.11393128777353,36000,0,158,-1800
A00874,AIMHIGH,40.144157312252965,-80.10212815899618,36000,0,158,-1800
A00875,AIMHIGH,40.144157312252965,-80.09032503021882,36000,0,158,-1800
A00876,AIMHIGH,40.144157312252965,-80.00770312877737,36000,0,158,-1800
A00877,AIMHIGH,40.144157312252965,-79.9959,36000,0,158,-1800
A00878,AIMHIGH,40.144157312252965,-79.98409687122265,36000,0,158,-1800
A00879,AIMHIGH,40.144157312252965,-79.9722937424453,36000,0,158,-1800
A00880,AIMHIGH,40.144157312252965,-79.90147496978119,36000,0,158,-1800
A00881,AIMHIGH,40.144157312252965,-79.88967184100383,36000,0,158,-1800
A00882,AIMHIGH,40.144157312252965,-79.85426245467178,36000,0,158,-1800
A00883,AIMHIGH,40.144157312252965,-79.84245932589442,36000,0,158,-1800
A00884,AIMHIGH,40.144157312252965,-79.83065619711708,36000,0,158,-1800
A00885,AIMHIGH,40.144157312252965,-79.79524681078502,36000,0,158,-1800
A00886,AIMHIGH,40.144157312252965,-79.78344368200766,36000,0,158,-1800
A00887,AIMHIGH,40.144157312252965,-79.77164055323031,36000,0,158,-1800
A00888,AIMHIGH,40.144157312252965,-79.75983742445295,36000,0,158,-1800
A00889,AIMHIGH,40.144157312252965,-79.74803429567561,36000,0,158,-1800
A00890,AIMHIGH,40.144157312252965,-79.73623116689825,36000,0,158,-1800
A00891,AIMHIGH,40.144157312252965,-79.7244280381209,36000,0,158,-1800
A00892,AIMHIGH,40.144157312252965,-79.71262490934355,36000,0,158,-1800
A00893,AIMHIGH,40.144157312252965,-79.7008217805662,36000,0,158,-1800
A00894,AIMHIGH,40.144157312252965,-79.68901865178884,36000,0,158,-1800
A00895,AIMHIGH,40.144157312252965,-79.6772155230115,36000,0,158,-1800
A00896,AIMHIGH,40.144157312252965,-79.63000300790209,36000,0,158,-1800
A00897,AIMHIGH,40.144157312252965,-79.61819987912473,36000,0,158,-1800
A00898,AIMHIGH,40.144157312252965,-79.53557797768326,36000,0,158,-1800
A00899,AIMHIGH,40.144157312252965,-79.52377484890592,36000,0,158,-1800
A00900,AIMHIGH,40.13517420050306,-80.40900950720734,36000,0,158,-1800
A00901,AIMHIGH,40.13517420050306,-80.39720637842998,36000,0,158,-1800
A00902,AIMHIGH,40.13517420050306,-80.38540324965263,36000,0,158,-1800
A00903,AIMHIGH,40.13517420050306,-80.37360012087528,36000,0,158,-1800
A00904,AIMHIGH,40.13517420050306,-80.36179699209792,36000,0,158,-1800
A00905,AIMHIGH,40.13517420050306,-80.34999386332058,36000,0,158,-1800
A00906,AIMHIGH,40.13517420050306,-80.33819073454322,36000,0,158,-1800
A00907,AIMHIGH,40.13517420050306,-80.27917509065647,36000,0,158,-1800
A00908,AIMHIGH,40.13517420050306,-80.2673719618791,36000,0,158,-1800
A00909,AIMHIGH,40.13517420050306,-80.2201594467697,36000,0,158,-1800
A00910,AIMHIGH,40.13517420050306,-80.20835631799235,36000,0,158,-1800
A00911,AIMHIGH,40.13517420050306,-80.196553189215,36000,0,158,-1800
A00912,AIMHIGH,40.13517420050306,-80.18475006043764,36000,0,158,-1800
A00913,AIMHIGH,40.13517420050306,-80.17294693166029,36000,0,158,-1800
A00914,AIMHIGH,40.13517420050306,-80.12573441655088,36000,0,158,-1800
A00915,AIMHIGH,40.13517420050306,-80.11393128777353,36000,0,158,-1800
A00916,AIMHIGH,40.13517420050306,-80.10212815899618,36000,0,158,-1800
A00917,AIMHIGH,40.13517420050306,-80.09032503021882,36000,0,158,-1800
A00918,AIMHIGH,40.13517420050306,-80.00770312877737,36000,0,158,-1800
A00919,AIMHIGH,40.13517420050306,-79.9959,36000,0,158,-1800
A00920,AIMHIGH,40.13517420050306,-79.98409687122265,36000,0,158,-1800
A00921,AIMHIGH,40.13517420050306,-79.9722937424453,36000,0,158,-1800
A00922,AIMHIGH,40.13517420050306,-79.90147496978119,36000,0,158,-1800
A00923,AIMHIGH,40.13517420050306,-79.88967184100383,36000,0,158,-1800
A00924,AIMHIGH,40.13517420050306,-79.85426245467178,36000,0,158,-1800
A00925,AIMHIGH,40.13517420050306,-79.84245932589442,36000,0,158,-1800
A00926,AIMHIGH,40.13517420050306,-79.83065619711708,36000,0,158,-1800
A00927,AIMHIGH,40.13517420050306,-79.79524681078502,36000,0,158,-1800
A00928,AIMHIGH,40.13517420050306,-79.78344368200766,36000,0,158,-1800
A00929,AIMHIGH,40.13517420050306,-79.77164055323031,36000,0,158,-1800
A00930,AIMHIGH,40.13517420050306,-79.75983742445295,36000,0,158,-1800
A00931,AIMHIGH,40.13517420050306,-79.68901865178884,36000,0,158,-1800
A00932,AIMHIGH,40.13517420050306,-79.6772155230115,36000,0,158,-1800
A00933,AIMHIGH,40.13517420050306,-79.63000300790209,36000,0,158,-1800
A00934,AIMHIGH,40.13517420050306,-79.61819987912473,36000,0,158,-1800
A00935,AIMHIGH,40.13517420050306,-79.53557797768326,36000,0,158,-1800
A00936,AIMHIGH,40.13517420050306,-79.52377484890592,36000,0,158,-1800
A00937,AIMHIGH,40.126191088753146,-80.40900950720734,36000,0,158,-1800
A00938,AIMHIGH,40.126191088753146,-80.39720637842998,36000,0,158,-1800
A00939,AIMHIGH,40.126191088753146,-80.36179699209792,36000,0,158,-1800
A00940,AIMHIGH,40.126191088753146,-80.34999386332058,36000,0,158,-1800
A00941,AIMHIGH,40.126191088753146,-80.33819073454322,36000,0,158,-1800
A00942,AIMHIGH,40.126191088753146,-80.27917509065647,36000,0,158,-1800
A00943,AIMHIGH,40.126191088753146,-80.2673719618791,36000,0,158,-1800
A00944,AIMHIGH,40.126191088753146,-80.2201594467697,36000,0,158,-1800
A00945,AIMHIGH,40.126191088753146,-80.20835631799235,36000,0,158,-1800
A00946,AIMHIGH,40.126191088753146,-80.196553189215,36000,0,158,-1800
A00947,AIMHIGH,40.126191088753146,-80.18475006043764,36000,0,158,-1800
A00948,AIMHIGH,40.126191088753146,-80.17294693166029,36000,0,158,-1800
A00949,AIMHIGH,40.126191088753146,-80.12573441655088,36000,0,158,-1800
A00950,AIMHIGH,40.126191088753146,-80.11393128777353,36000,0,158,-1800
A00951,AIMHIGH,40.126191088753146,-80.10212815899618,36000,0,158,-1800
A00952,AIMHIGH,40.126191088753146,-80.09032503021882,36000,0,158,-1800
A00953,AIMHIGH,40.126191088753146,-80.00770312877737,36000,0,158,-1800
A00954,AIMHIGH,40.126191088753146,-79.9959,36000,0,158,-1800
A00955,AIMHIGH,40.126191088753146,-79.98409687122265,36000,0,158,-1800
A00956,AIMHIGH,40.126191088753146,-79.9722937424453,36000,0,158,-1800
A00957,AIMHIGH,40.126191088753146,-79.90147496978119,36000,0,158,-1800
A00958,AIMHIGH,40.126191088753146,-79.88967184100383,36000,0,158,-1800
A00959,AIMHIGH,40.126191088753146,-79.85426245467178,36000,0,158,-1800
A00960,AIMHIGH,40.126191088753146,-79.84245932589442,36000,0,158,-1800
A00961,AIMHIGH,40.126191088753146,-79.83065619711708,36000,0,158,-1800
A00962,AIMHIGH,40.126191088753146,-79.79524681078502,36000,0,158,-1800
A00963,AIMHIGH,40.126191088753146,-79.78344368200766,36000,0,158,-1800
A00964,AIMHIGH,40.126191088753146,-79.77164055323031,36000,0,158,-1800
A00965,AIMHIGH,40.126191088753146,-79.63000300790209,36000,0,158,-1800
A00966,AIMHIGH,40.126191088753146,-79.61819987912473,36000,0,158,-1800
A00967,AIMHIGH,40.126191088753146,-79.53557797768326,36000,0,158,-1800
A00968,AIMHIGH,40.126191088753146,-79.52377484890592,36000,0,158,-1800
A00969,AIMHIGH,40.11720797700324,-80.40900950720734,36000,0,158,-1800
A00970,AIMHIGH,40.11720797700324,-80.39720637842998,36000,0,158,-1800
A00971,AIMHIGH,40.11720797700324,-80.34999386332058,36000,0,158,-1800
A00972,AIMHIGH,40.11720797700324,-80.33819073454322,36000,0,158,-1800
A00973,AIMHIGH,40.11720797700324,-80.27917509065647,36000,0,158,-1800
A00974,AIMHIGH,40.11720797700324,-80.2673719618791,36000,0,158,-1800
A00975,AIMHIGH,40.11720797700324,-80.2201594467697,36000,0,158,-1800
A00976,AIMHIGH,40.11720797700324,-80.20835631799235,36000,0,158,-1800
A00977,AIMHIGH,40.11720797700324,-80.196553189215,36000,0,158,-1800
A00978,AIMHIGH,40.11720797700324,-80.18475006043764,36000,0,158,-1800
A00979,AIMHIGH,40.11720797700324,-80.17294693166029,36000,0,158,-1800
A00980,AIMHIGH,40.11720797700324,-80.16114380288293,36000,0,158,-1800
A00981,AIMHIGH,40.11720797700324,-80.13753754532823,36000,0,158,-1800
A00982,AIMHIGH,40.11720797700324,-80.12573441655088,36000,0,158,-1800
A00983,AIMHIGH,40.11720797700324,-80.11393128777353,36000,0,158,-1800
A00984,AIMHIGH,40.11720797700324,-80.10212815899618,36000,0,158,-1800
A00985,AIMHIGH,40.11720797700324,-80.09032503021882,36000,0,158,-1800
A00986,AIMHIGH,40.11720797700324,-80.00770312877737,36000,0,158,-1800
A00987,AIMHIGH,40.11720797700324,-79.9959,36000,0,158,-1800
A00988,AIMHIGH,40.11720797700324,-79.98409687122265,36000,0,158,-1800
A00989,AIMHIGH,40.11720797700324,-79.9722937424453,36000,0,158,-1800
A00990,AIMHIGH,40.11720797700324,-79.96049061366794,36000,0,158,-1800
A00991,AIMHIGH,40.11720797700324,-79.9486874848906,36000,0,158,-1800
A00992,AIMHIGH,40.11720797700324,-79.93688435611324,36000,0,158,-1800
A00993,AIMHIGH,40.11720797700324,-79.9250812273359,36000,0,158,-1800
A00994,AIMHIGH,40.11720797700324,-79.91327809855854,36000,0,158,-1800
A00995,AIMHIGH,40.11720797700324,-79.90147496978119,36000,0,158,-1800
A00996,AIMHIGH,40.11720797700324,-79.88967184100383,36000,0,158,-1800
A00997,AIMHIGH,40.11720797700324,-79.85426245467178,36000,0,158,-1800
A00998,AIMHIGH,40.11720797700324,-79.84245932589442,36000,0,158,-1800
A00999,AIMHIGH,40.11720797700324,-79.83065619711708,36000,0,158,-1800
A01000,AIMHIGH,40.11720797700324,-79.79524681078502,36000,0,158,-1800
A01001,AIMHIGH,40.11720797700324,-79.78344368200766,36000,0,158,-1800
A01002,AIMHIGH,40.11720797700324,-79.77164055323031,36000,0,158,-1800
A01003,AIMHIGH,40.11720797700324,-79.63000300790209,36000,0,158,-1800
A01004,AIMHIGH,40.11720797700324,-79.61819987912473,36000,0,158,-1800
A01005,AIMHIGH,40.11720797700324,-79.60639675034739,36000,0,158,-1800
A01006,AIMHIGH,40.11720797700324,-79.59459362157003,36000,0,158,-1800
A01007,AIMHIGH,40.11720797700324,-79.58279049279267,36000,0,158,-1800
A01008,AIMHIGH,40.11720797700324,-79.57098736401532,36000,0,158,-1800
A01009,AIMHIGH,40.11720797700324,-79.55918423523796,36000,0,158,-1800
A01010,AIMHIGH,40.11720797700324,-79.54738110646062,36000,0,158,-1800
A01011,AIMHIGH,40.11720797700324,-79.53557797768326,36000,0,158,-1800
A01012,AIMHIGH,40.11720797700324,-79.52377484890592,36000,0,158,-1800
A01013,AIMHIGH,40.10822486525333,-80.40900950720734,36000,0,158,-1800
A01014,AIMHIGH,40.10822486525333,-80.39720637842998,36000,0,158,-1800
A01015,AIMHIGH,40.10822486525333,-80.34999386332058,36000,0,158,-1800
A01016,AIMHIGH,40.10822486525333,-80.33819073454322,36000,0,158,-1800
A01017,AIMHIGH,40.10822486525333,-80.27917509065647,36000,0,158,-1800
A01018,AIMHIGH,40.10822486525333,-80.2673719618791,36000,0,158,-1800
A01019,AIMHIGH,40.10822486525333,-80.2201594467697,36000,0,158,-1800
A01020,AIMHIGH,40.10822486525333,-80.20835631799235,36000,0,158,-1800
A01021,AIMHIGH,40.10822486525333,-80.18475006043764,36000,0,158,-1800
A01022,AIMHIGH,40.10822486525333,-80.17294693166029,36000,0,158,-1800
A01023,AIMHIGH,40.10822486525333,-80.16114380288293,36000,0,158,-1800
A01024,AIMHIGH,40.10822486525333,-80.13753754532823,36000,0,158,-1800
A01025,AIMHIGH,40.10822486525333,-80.12573441655088,36000,0,158,-1800
A01026,AIMHIGH,40.10822486525333,-80.10212815899618,36000,0,158,-1800
A01027,AIMHIGH,40.10822486525333,-80.09032503021882,36000,0,158,-1800
A01028,AIMHIGH,40.10822486525333,-80.00770312877737,36000,0,158,-1800
A01029,AIMHIGH,40.10822486525333,-79.9959,36000,0,158,-1800
A01030,AIMHIGH,40.10822486525333,-79.98409687122265,36000,0,158,-1800
A01031,AIMHIGH,40.10822486525333,-79.9722937424453,36000,0,158,-1800
A01032,AIMHIGH,40.10822486525333,-79.96049061366794,36000,0,158,-1800
A01033,AIMHIGH,40.10822486525333,-79.9486874848906,36000,0,158,-1800
A01034,AIMHIGH,40.10822486525333,-79.93688435611324,36000,0,158,-1800
A01035,AIMHIGH,40.10822486525333,-79.9250812273359,36000,0,158,-1800
A01036,AIMHIGH,40.10822486525333,-79.91327809855854,36000,0,158,-1800
A01037,AIMHIGH,40.10822486525333,-79.90147496978119,36000,0,158,-1800
A01038,AIMHIGH,40.10822486525333,-79.88967184100383,36000,0,158,-1800
A01039,AIMHIGH,40.10822486525333,-79.85426245467178,36000,0,158,-1800
A01040,AIMHIGH,40.10822486525333,-79.84245932589442,36000,0,158,-1800
A01041,AIMHIGH,40.10822486525333,-79.83065619711708,36000,0,158,-1800
A01042,AIMHIGH,40.10822486525333,-79.79524681078502,36000,0,158,-1800
A01043,AIMHIGH,40.10822486525333,-79.78344368200766,36000,0,158,-1800
A01044,AIMHIGH,40.10822486525333,-79.77164055323031,36000,0,158,-1800
A01045,AIMHIGH,40.10822486525333,-79.71262490934355,36000,0,158,-1800
A01046,AIMHIGH,40.10822486525333,-79.7008217805662,36000,0,158,-1800
A01047,AIMHIGH,40.10822486525333,-79.68901865178884,36000,0,158,-1800
A01048,AIMHIGH,40.10822486525333,-79.6772155230115,36000,0,158,-1800
A01049,AIMHIGH,40.10822486525333,-79.63000300790209,36000,0,158,-1800
A01050,AIMHIGH,40.10822486525333,-79.61819987912473,36000,0,158,-1800
A01051,AIMHIGH,40.10822486525333,-79.60639675034739,36000,0,158,-1800
A01052,AIMHIGH,40.10822486525333,-79.59459362157003,36000,0,158,-1800
A01053,AIMHIGH,40.10822486525333,-79.58279049279267,36000,0,158,-1800
A01054,AIMHIGH,40.10822486525333,-79.57098736401532,36000,0,158,-1800
A01055,AIMHIGH,40.10822486525333,-79.55918423523796,36000,0,158,-1800
A01056,AIMHIGH,40.10822486525333,-79.54738110646062,36000,0,158,-1800
A01057,AIMHIGH,40.10822486525333,-79.53557797768326,36000,0,158,-1800
A01058,AIMHIGH,40.10822486525333,-79.52377484890592,36000,0,158,-1800
A01059,AIMHIGH,40.099241753503414,-80.42081263598469,36000,0,158,-1800
A01060,AIMHIGH,40.099241753503414,-80.40900950720734,36000,0,158,-1800
A01061,AIMHIGH,40.099241753503414,-80.34999386332058,36000,0,158,-1800
A01062,AIMHIGH,40.099241753503414,-80.33819073454322,36000,0,158,-1800
A01063,AIMHIGH,40.099241753503414,-80.32638760576587,36000,0,158,-1800
A01064,AIMHIGH,40.099241753503414,-80.27917509065647,36000,0,158,-1800
A01065,AIMHIGH,40.099241753503414,-80.2673719618791,36000,0,158,-1800
A01066,AIMHIGH,40.099241753503414,-80.2201594467697,36000,0,158,-1800
A01067,AIMHIGH,40.099241753503414,-80.20835631799235,36000,0,158,-1800
A01068,AIMHIGH,40.099241753503414,-80.17294693166029,36000,0,158,-1800
A01069,AIMHIGH,40.099241753503414,-80.16114380288293,36000,0,158,-1800
A01070,AIMHIGH,40.099241753503414,-80.14934067410559,36000,0,158,-1800
A01071,AIMHIGH,40.099241753503414,-80.13753754532823,36000,0,158,-1800
A01072,AIMHIGH,40.099241753503414,-80.10212815899618,36000,0,158,-1800
A01073,AIMHIGH,40.099241753503414,-80.09032503021882,36000,0,158,-1800
A01074,AIMHIGH,40.099241753503414,-80.00770312877737,36000,0,158,-1800
A01075,AIMHIGH,40.099241753503414,-79.9959,36000,0,158,-1800
A01076,AIMHIGH,40.099241753503414,-79.98409687122265,36000,0,158,-1800
A01077,AIMHIGH,40.099241753503414,-79.9722937424453,36000,0,158,-1800
A01078,AIMHIGH,40.099241753503414,-79.90147496978119,36000,0,158,-1800
A01079,AIMHIGH,40.099241753503414,-79.88967184100383,36000,0,158,-1800
A01080,AIMHIGH,40.099241753503414,-79.85426245467178,36000,0,158,-1800
A01081,AIMHIGH,40.099241753503414,-79.84245932589442,36000,0,158,-1800
A01082,AIMHIGH,40.099241753503414,-79.83065619711708,36000,0,158,-1800
A01083,AIMHIGH,40.099241753503414,-79.79524681078502,36000,0,158,-1800
A01084,AIMHIGH,40.099241753503414,-79.78344368200766,36000,0,158,-1800
A01085,AIMHIGH,40.099241753503414,-79.77164055323031,36000,0,158,-1800
A01086,AIMHIGH,40.099241753503414,-79.71262490934355,36000,0,158,-1800
A01087,AIMHIGH,40.099241753503414,-79.7008217805662,36000,0,158,-1800
A01088,AIMHIGH,40.099241753503414,-79.68901865178884,36000,0,158,-1800
A01089,AIMHIGH,40.099241753503414,-79.6772155230115,36000,0,158,-1800
A01090,AIMHIGH,40.099241753503414,-79.63000300790209,36000,0,158,-1800
A01091,AIMHIGH,40.099241753503414,-79.61819987912473,36000,0,158,-1800
A01092,AIMHIGH,40.099241753503414,-79.53557797768326,36000,0,158,-1800
A01093,AIMHIGH,40.099241753503414,-79.52377484890592,36000,0,158,-1800
A01094,AIMHIGH,40.09025864175351,-80.42081263598469,36000,0,158,-1800
A01095,AIMHIGH,40.09025864175351,-80.40900950720734,36000,0,158,-1800
A01096,AIMHIGH,40.09025864175351,-80.39720637842998,36000,0,158,-1800
A01097,AIMHIGH,40.09025864175351,-80.38540324965263,36000,0,158,-1800
A01098,AIMHIGH,40.09025864175351,-80.37360012087528,36000,0,158,-1800
A01099,AIMHIGH,40.09025864175351,-80.36179699209792,36000,0,158,-1800
A01100,AIMHIGH,40.09025864175351,-80.34999386332058,36000,0,158,-1800
A01101,AIMHIGH,40.09025864175351,-80.33819073454322,36000,0,158,-1800
A01102,AIMHIGH,40.09025864175351,-80.32638760576587,36000,0,158,-1800
A01103,AIMHIGH,40.09025864175351,-80.27917509065647,36000,0,158,-1800
A01104,AIMHIGH,40.09025864175351,-80.2673719618791,36000,0,158,-1800
A01105,AIMHIGH,40.09025864175351,-80.2201594467697,36000,0,158,-1800
A01106,AIMHIGH,40.09025864175351,-80.20835631799235,36000,0,158,-1800
A01107,AIMHIGH,40.09025864175351,-80.17294693166029,36000,0,158,-1800
A01108,AIMHIGH,40.09025864175351,-80.16114380288293,36000,0,158,-1800
A01109,AIMHIGH,40.09025864175351,-80.14934067410559,36000,0,158,-1800
A01110,AIMHIGH,40.09025864175351,-80.13753754532823,36000,0,158,-1800
A01111,AIMHIGH,40.09025864175351,-80.10212815899618,36000,0,158,-1800
A01112,AIMHIGH,40.09025864175351,-80.09032503021882,36000,0,158,-1800
A01113,AIMHIGH,40.09025864175351,-80.00770312877737,36000,0,158,-1800
A01114,AIMHIGH,40.09025864175351,-79.9959,36000,0,158,-1800
A01115,AIMHIGH,40.09025864175351,-79.98409687122265,36000,0,158,-1800
A01116,AIMHIGH,40.09025864175351,-79.9722937424453,36000,0,158,-1800
A01117,AIMHIGH,40.09025864175351,-79.90147496978119,36000,0,158,-1800
A01118,AIMHIGH,40.09025864175351,-79.88967184100383,36000,0,158,-1800
A01119,AIMHIGH,40.09025864175351,-79.85426245467178,36000,0,158,-1800
A01120,AIMHIGH,40.09025864175351,-79.84245932589442,36000,0,158,-1800
A01121,AIMHIGH,40.09025864175351,-79.83065619711708,36000,0,158,-1800
A01122,AIMHIGH,40.09025864175351,-79.79524681078502,36000,0,158,-1800
A01123,AIMHIGH,40.09025864175351,-79.78344368200766,36000,0,158,-1800
A01124,AIMHIGH,40.09025864175351,-79.77164055323031,36000,0,158,-1800
A01125,AIMHIGH,40.09025864175351,-79.75983742445295,36000,0,158,-1800
A01126,AIMHIGH,40.09025864175351,-79.68901865178884,36000,0,158,-1800
A01127,AIMHIGH,40.09025864175351,-79.6772155230115,36000,0,158,-1800
A01128,AIMHIGH,40.09025864175351,-79.63000300790209,36000,0,158,-1800
A01129,AIMHIGH,40.09025864175351,-79.61819987912473,36000,0,158,-1800
A01130,AIMHIGH,40.09025864175351,-79.53557797768326,36000,0,158,-1800
A01131,AIMHIGH,40.09025864175351,-79.52377484890592,36000,0,158,-1800
A01132,AIMHIGH,40.081275530003595,-80.43261576476205,36000,0,158,-1800
A01133,AIMHIGH,40.081275530003595,-80.42081263598469,36000,0,158,-1800
A01134,AIMHIGH,40.081275530003595,-80.40900950720734,36000,0,158,-1800
A01135,AIMHIGH,40.081275530003595,-80.39720637842998,36000,0,158,-1800
A01136,AIMHIGH,40.081275530003595,-80.38540324965263,36000,0,158,-1800
A01137,AIMHIGH,40.081275530003595,-80.37360012087528,36000,0,158,-1800
A01138,AIMHIGH,40.081275530003595,-80.36179699209792,36000,0,158,-1800
A01139,AIMHIGH,40.081275530003595,-80.34999386332058,36000,0,158,-1800
A01140,AIMHIGH,40.081275530003595,-80.33819073454322,36000,0,158,-1800
A01141,AIMHIGH,40.081275530003595,-80.32638760576587,36000,0,158,-1800
A01142,AIMHIGH,40.081275530003595,-80.31458447698851,36000,0,158,-1800
A01143,AIMHIGH,40.081275530003595,-80.27917509065647,36000,0,158,-1800
A01144,AIMHIGH,40.081275530003595,-80.2673719618791,36000,0,158,-1800
A01145,AIMHIGH,40.081275530003595,-80.2201594467697,36000,0,158,-1800
A01146,AIMHIGH,40.081275530003595,-80.20835631799235,36000,0,158,-1800
A01147,AIMHIGH,40.081275530003595,-80.14934067410559,36000,0,158,-1800
A01148,AIMHIGH,40.081275530003595,-80.10212815899618,36000,0,158,-1800
A01149,AIMHIGH,40.081275530003595,-80.09032503021882,36000,0,158,-1800
A01150,AIMHIGH,40.081275530003595,-80.00770312877737,36000,0,158,-1800
A01151,AIMHIGH,40.081275530003595,-79.9959,36000,0,158,-1800
A01152,AIMHIGH,40.081275530003595,-79.98409687122265,36000,0,158,-1800
A01153,AIMHIGH,40.081275530003595,-79.9722937424453,36000,0,158,-1800
A01154,AIMHIGH,40.081275530003595,-79.90147496978119,36000,0,158,-1800
A01155,AIMHIGH,40.081275530003595,-79.88967184100383,36000,0,158,-1800
A01156,AIMHIGH,40.081275530003595,-79.85426245467178,36000,0,158,-1800
A01157,AIMHIGH,40.081275530003595,-79.84245932589442,36000,0,158,-1800
A01158,AIMHIGH,40.081275530003595,-79.83065619711708,36000,0,158,-1800
A01159,AIMHIGH,40.081275530003595,-79.79524681078502,36000,0,158,-1800
A01160,AIMHIGH,40.081275530003595,-79.78344368200766,36000,0,158,-1800
A01161,AIMHIGH,40.081275530003595,-79.77164055323031,36000,0,158,-1800
A01162,AIMHIGH,40.081275530003595,-79.75983742445295,36000,0,158,-1800
A01163,AIMHIGH,40.081275530003595,-79.68901865178884,36000,0,158,-1800
A01164,AIMHIGH,40.081275530003595,-79.6772155230115,36000,0,158,-1800
A01165,AIMHIGH,40.081275530003595,-79.63000300790209,36000,0,158,-1800
A01166,AIMHIGH,40.081275530003595,-79.61819987912473,36000,0,158,-1800
A01167,AIMHIGH,40.081275530003595,-79.53557797768326,36000,0,158,-1800
A01168,AIMHIGH,40.081275530003595,-79.52377484890592,36000,0,158,-1800
A01169,AIMHIGH,40.07229241825369,-80.43261576476205,36000,0,158,-1800
A01170,AIMHIGH,40.07229241825369,-80.42081263598469,36000,0,158,-1800
A01171,AIMHIGH,40.07229241825369,-80.33819073454322,36000,0,158,-1800
A01172,AIMHIGH,40.07229241825369,-80.32638760576587,36000,0,158,-1800
A01173,AIMHIGH,40.07229241825369,-80.31458447698851,36000,0,158,-1800
A01174,AIMHIGH,40.07229241825369,-80.27917509065647,36000,0,158,-1800
A01175,AIMHIGH,40.07229241825369,-80.2673719618791,36000,0,158,-1800
A01176,AIMHIGH,40.07229241825369,-80.2201594467697,36000,0,158,-1800
A01177,AIMHIGH,40.07229241825369,-80.20835631799235,36000,0,158,-1800
A01178,AIMHIGH,40.07229241825369,-80.10212815899618,36000,0,158,-1800
A01179,AIMHIGH,40.07229241825369,-80.09032503021882,36000,0,158,-1800
A01180,AIMHIGH,40.07229241825369,-80.00770312877737,36000,0,158,-1800
A01181,AIMHIGH,40.07229241825369,-79.9959,36000,0,158,-1800
A01182,AIMHIGH,40.07229241825369,-79.98409687122265,36000,0,158,-1800
A01183,AIMHIGH,40.07229241825369,-79.9722937424453,36000,0,158,-1800
A01184,AIMHIGH,40.07229241825369,-79.90147496978119,36000,0,158,-1800
A01185,AIMHIGH,40.07229241825369,-79.88967184100383,36000,0,158,-1800
A01186,AIMHIGH,40.07229241825369,-79.85426245467178,36000,0,158,-1800
A01187,AIMHIGH,40.07229241825369,-79.84245932589442,36000,0,158,-1800
A01188,AIMHIGH,40.07229241825369,-79.83065619711708,36000,0,158,-1800
A01189,AIMHIGH,40.07229241825369,-79.77164055323031,36000,0,158,-1800
A01190,AIMHIGH,40.07229241825369,-79.75983742445295,36000,0,158,-1800
A01191,AIMHIGH,40.07229241825369,-79.74803429567561,36000,0,158,-1800
A01192,AIMHIGH,40.07229241825369,-79.73623116689825,36000,0,158,-1800
A01193,AIMHIGH,40.07229241825369,-79.7244280381209,36000,0,158,-1800
A01194,AIMHIGH,40.07229241825369,-79.71262490934355,36000,0,158,-1800
A01195,AIMHIGH,40.07229241825369,-79.7008217805662,36000,0,158,-1800
A01196,AIMHIGH,40.07229241825369,-79.68901865178884,36000,0,158,-1800
A01197,AIMHIGH,40.07229241825369,-79.6772155230115,36000,0,158,-1800
A01198,AIMHIGH,40.07229241825369,-79.63000300790209,36000,0,158,-1800
A01199,AIMHIGH,40.07229241825369,-79.61819987912473,36000,0,158,-1800
A01200,AIMHIGH,40.07229241825369,-79.53557797768326,36000,0,158,-1800
A01201,AIMHIGH,40.07229241825369,-79.52377484890592,36000,0,158,-1800
A01202,AIMHIGH,40.063309306503776,-80.43261576476205,36000,0,158,-1800
A01203,AIMHIGH,40.063309306503776,-80.42081263598469,36000,0,158,-1800
A01204,AIMHIGH,40.063309306503776,-80.32638760576587,36000,0,158,-1800
A01205,AIMHIGH,40.063309306503776,-80.31458447698851,36000,0,158,-1800
A01206,AIMHIGH,40.063309306503776,-80.27917509065647,36000,0,158,-1800
A01207,AIMHIGH,40.063309306503776,-80.2673719618791,36000,0,158,-1800
A01208,AIMHIGH,40.063309306503776,-80.2201594467697,36000,0,158,-1800
A01209,AIMHIGH,40.063309306503776,-80.20835631799235,36000,0,158,-1800
A01210,AIMHIGH,40.063309306503776,-80.10212815899618,36000,0,158,-1800
A01211,AIMHIGH,40.063309306503776,-80.09032503021882,36000,0,158,-1800
A01212,AIMHIGH,40.063309306503776,-80.00770312877737,36000,0,158,-1800
A01213,AIMHIGH,40.063309306503776,-79.9959,36000,0,158,-1800
A01214,AIMHIGH,40.063309306503776,-79.98409687122265,36000,0,158,-1800
A01215,AIMHIGH,40.063309306503776,-79.9722937424453,36000,0,158,-1800
A01216,AIMHIGH,40.063309306503776,-79.90147496978119,36000,0,158,-1800
A01217,AIMHIGH,40.063309306503776,-79.88967184100383,36000,0,158,-1800
A01218,AIMHIGH,40.063309306503776,-79.85426245467178,36000,0,158,-1800
A01219,AIMHIGH,40.063309306503776,-79.84245932589442,36000,0,158,-1800
A01220,AIMHIGH,40.063309306503776,-79.83065619711708,36000,0,158,-1800
A01221,AIMHIGH,40.063309306503776,-79.75983742445295,36000,0,158,-1800
A01222,AIMHIGH,40.063309306503776,-79.74803429567561,36000,0,158,-1800
A01223,AIMHIGH,40.063309306503776,-79.73623116689825,36000,0,158,-1800
A01224,AIMHIGH,40.063309306503776,-79.7244280381209,36000,0,158,-1800
A01225,AIMHIGH,40.063309306503776,-79.71262490934355,36000,0,158,-1800
A01226,AIMHIGH,40.063309306503776,-79.7008217805662,36000,0,158,-1800
A01227,AIMHIGH,40.063309306503776,-79.68901865178884,36000,0,158,-1800
A01228,AIMHIGH,40.063309306503776,-79.63000300790209,36000,0,158,-1800
A01229,AIMHIGH,40.063309306503776,-79.61819987912473,36000,0,158,-1800
A01230,AIMHIGH,40.063309306503776,-79.53557797768326,36000,0,158,-1800
A01231,AIMHIGH,40.063309306503776,-79.52377484890592,36000,0,158,-1800
